"Data_Type","TargetType","Synthesis_Label","Metric","Prediction_Model","Median"
"hierarchical","Categorical","BN Syn.","Accuracy","bnpred",0.642906310694646
"hierarchical","Categorical","BN Syn.","Accuracy","cartpred",0.630695453952585
"hierarchical","Categorical","BN Syn.","Accuracy","parmpred",0.607101411625353
"hierarchical","Categorical","BN Syn.","Accuracy","svmpred",0.635299513824878
"hierarchical","Categorical","BN Syn.","F1","bnpred",0.618527418462388
"hierarchical","Categorical","BN Syn.","F1","cartpred",0.608545474157399
"hierarchical","Categorical","BN Syn.","F1","parmpred",0.595765951357032
"hierarchical","Categorical","BN Syn.","F1","svmpred",0.609131260781294
"hierarchical","Categorical","BN Syn.","Specificity","bnpred",0.886876766355592
"hierarchical","Categorical","BN Syn.","Specificity","cartpred",0.884673674300722
"hierarchical","Categorical","BN Syn.","Specificity","parmpred",0.881806177343216
"hierarchical","Categorical","BN Syn.","Specificity","svmpred",0.88658681465556
"hierarchical","Categorical","CART Syn.","Accuracy","bnpred",0.643049848100051
"hierarchical","Categorical","CART Syn.","Accuracy","cartpred",0.834099683149921
"hierarchical","Categorical","CART Syn.","Accuracy","parmpred",0.648499665499916
"hierarchical","Categorical","CART Syn.","Accuracy","svmpred",0.755999925674981
"hierarchical","Categorical","CART Syn.","F1","bnpred",0.62548756351931
"hierarchical","Categorical","CART Syn.","F1","cartpred",0.843650082294565
"hierarchical","Categorical","CART Syn.","F1","parmpred",0.63571304639471
"hierarchical","Categorical","CART Syn.","F1","svmpred",0.771636071956182
"hierarchical","Categorical","CART Syn.","Specificity","bnpred",0.881599022658305
"hierarchical","Categorical","CART Syn.","Specificity","cartpred",0.954261195045078
"hierarchical","Categorical","CART Syn.","Specificity","parmpred",0.890797658660068
"hierarchical","Categorical","CART Syn.","Specificity","svmpred",0.929152412776043
"hierarchical","Categorical","Simulated Data","Accuracy","bnpred",0.643507315157703
"hierarchical","Categorical","Simulated Data","Accuracy","cartpred",0.8454
"hierarchical","Categorical","Simulated Data","Accuracy","parmpred",0.652098395396896
"hierarchical","Categorical","Simulated Data","Accuracy","svmpred",0.7589
"hierarchical","Categorical","Simulated Data","F1","bnpred",0.632656456864339
"hierarchical","Categorical","Simulated Data","F1","cartpred",0.853447389117618
"hierarchical","Categorical","Simulated Data","F1","parmpred",0.642883647942221
"hierarchical","Categorical","Simulated Data","F1","svmpred",0.782174547229323
"hierarchical","Categorical","Simulated Data","Specificity","bnpred",0.881081335165728
"hierarchical","Categorical","Simulated Data","Specificity","cartpred",0.954600357298013
"hierarchical","Categorical","Simulated Data","Specificity","parmpred",0.890031281612646
"hierarchical","Categorical","Simulated Data","Specificity","svmpred",0.93074702855558
"hierarchical","Categorical","Parametric Syn.","Accuracy","bnpred",0.467754816057615
"hierarchical","Categorical","Parametric Syn.","Accuracy","cartpred",0.4917015980004
"hierarchical","Categorical","Parametric Syn.","Accuracy","parmpred",0.5556
"hierarchical","Categorical","Parametric Syn.","Accuracy","svmpred",0.537999509404457
"hierarchical","Categorical","Parametric Syn.","F1","bnpred",0.417540009328089
"hierarchical","Categorical","Parametric Syn.","F1","cartpred",0.460090039816413
"hierarchical","Categorical","Parametric Syn.","F1","parmpred",0.533316843786074
"hierarchical","Categorical","Parametric Syn.","F1","svmpred",0.508440223456541
"hierarchical","Categorical","Parametric Syn.","Specificity","bnpred",0.797184769839781
"hierarchical","Categorical","Parametric Syn.","Specificity","cartpred",0.82172414478153
"hierarchical","Categorical","Parametric Syn.","Specificity","parmpred",0.850455585102104
"hierarchical","Categorical","Parametric Syn.","Specificity","svmpred",0.841162352982806
"hierarchical","Categorical","SVM Syn.","Accuracy","bnpred",0.605647659941828
"hierarchical","Categorical","SVM Syn.","Accuracy","cartpred",0.712700471600118
"hierarchical","Categorical","SVM Syn.","Accuracy","parmpred",0.616899661249915
"hierarchical","Categorical","SVM Syn.","Accuracy","svmpred",0.679301735200434
"hierarchical","Categorical","SVM Syn.","F1","bnpred",0.589884331315677
"hierarchical","Categorical","SVM Syn.","F1","cartpred",0.704956978568348
"hierarchical","Categorical","SVM Syn.","F1","parmpred",0.598578368128644
"hierarchical","Categorical","SVM Syn.","F1","svmpred",0.675184836422912
"hierarchical","Categorical","SVM Syn.","Specificity","bnpred",0.86399491386548
"hierarchical","Categorical","SVM Syn.","Specificity","cartpred",0.89926084670397
"hierarchical","Categorical","SVM Syn.","Specificity","parmpred",0.873097304806786
"hierarchical","Categorical","SVM Syn.","Specificity","svmpred",0.89633036281862
"hierarchical","Continuous","BN Syn.","Accuracy","bnpred",0.888950828566063
"hierarchical","Continuous","BN Syn.","Accuracy","cartpred",0.885200876400219
"hierarchical","Continuous","BN Syn.","Accuracy","parmpred",0.882594604494604
"hierarchical","Continuous","BN Syn.","Accuracy","svmpred",0.888299327424832
"hierarchical","Continuous","BN Syn.","F1","bnpred",0.885824525159916
"hierarchical","Continuous","BN Syn.","F1","cartpred",0.882308470752627
"hierarchical","Continuous","BN Syn.","F1","parmpred",0.879453129751695
"hierarchical","Continuous","BN Syn.","F1","svmpred",0.886148618663177
"hierarchical","Continuous","BN Syn.","Specificity","bnpred",0.963502040694802
"hierarchical","Continuous","BN Syn.","Specificity","cartpred",0.961539280066649
"hierarchical","Continuous","BN Syn.","Specificity","parmpred",0.960977163215823
"hierarchical","Continuous","BN Syn.","Specificity","svmpred",0.961539280066649
"hierarchical","Continuous","CART Syn.","Accuracy","bnpred",0.882290802101161
"hierarchical","Continuous","CART Syn.","F1","bnpred",0.88129530674615
"hierarchical","Continuous","CART Syn.","MAE","cartpred",0.0807748378358475
"hierarchical","Continuous","CART Syn.","MAE","parmpred",0.633749114209667
"hierarchical","Continuous","CART Syn.","MAE","svmpred",0.249151472870631
"hierarchical","Continuous","CART Syn.","RMSE","cartpred",0.164783392596105
"hierarchical","Continuous","CART Syn.","RMSE","parmpred",0.818777749491047
"hierarchical","Continuous","CART Syn.","RMSE","svmpred",0.359667057804466
"hierarchical","Continuous","CART Syn.","R_squared","cartpred",0.995468986254597
"hierarchical","Continuous","CART Syn.","R_squared","parmpred",0.886804696537731
"hierarchical","Continuous","CART Syn.","R_squared","svmpred",0.981309670866462
"hierarchical","Continuous","CART Syn.","Specificity","bnpred",0.959402868179984
"hierarchical","Continuous","Simulated Data","Accuracy","bnpred",0.882180967441299
"hierarchical","Continuous","Simulated Data","F1","bnpred",0.880439359120348
"hierarchical","Continuous","Simulated Data","MAE","cartpred",0.0515747549971444
"hierarchical","Continuous","Simulated Data","MAE","parmpred",0.626667799841193
"hierarchical","Continuous","Simulated Data","MAE","svmpred",0.216753075815004
"hierarchical","Continuous","Simulated Data","RMSE","cartpred",0.0820587549517049
"hierarchical","Continuous","Simulated Data","RMSE","parmpred",0.809739560941105
"hierarchical","Continuous","Simulated Data","RMSE","svmpred",0.322942928755131
"hierarchical","Continuous","Simulated Data","R_squared","cartpred",0.998973276106415
"hierarchical","Continuous","Simulated Data","R_squared","parmpred",0.886124776094556
"hierarchical","Continuous","Simulated Data","R_squared","svmpred",0.980793552148486
"hierarchical","Continuous","Simulated Data","Specificity","bnpred",0.960151541070597
"hierarchical","Continuous","Parametric Syn.","Accuracy","bnpred",0.730373127864609
"hierarchical","Continuous","Parametric Syn.","F1","bnpred",0.711783910528306
"hierarchical","Continuous","Parametric Syn.","MAE","cartpred",0.914384004027042
"hierarchical","Continuous","Parametric Syn.","MAE","parmpred",0.840317889338561
"hierarchical","Continuous","Parametric Syn.","MAE","svmpred",0.848168497398861
"hierarchical","Continuous","Parametric Syn.","RMSE","cartpred",1.15377813158719
"hierarchical","Continuous","Parametric Syn.","RMSE","parmpred",1.06717319256992
"hierarchical","Continuous","Parametric Syn.","RMSE","svmpred",1.08723540071935
"hierarchical","Continuous","Parametric Syn.","R_squared","cartpred",0.730512570666689
"hierarchical","Continuous","Parametric Syn.","R_squared","parmpred",0.800870718825902
"hierarchical","Continuous","Parametric Syn.","R_squared","svmpred",0.791465338709169
"hierarchical","Continuous","Parametric Syn.","Specificity","bnpred",0.781319755076536
"hierarchical","Continuous","SVM Syn.","Accuracy","bnpred",0.798827785573648
"hierarchical","Continuous","SVM Syn.","F1","bnpred",0.791787503379736
"hierarchical","Continuous","SVM Syn.","MAE","cartpred",0.296491794873188
"hierarchical","Continuous","SVM Syn.","MAE","parmpred",0.676249104504675
"hierarchical","Continuous","SVM Syn.","MAE","svmpred",0.381217460376129
"hierarchical","Continuous","SVM Syn.","RMSE","cartpred",0.538353732596899
"hierarchical","Continuous","SVM Syn.","RMSE","parmpred",0.88904213835417
"hierarchical","Continuous","SVM Syn.","RMSE","svmpred",0.586702453849343
"hierarchical","Continuous","SVM Syn.","R_squared","cartpred",0.945952969198798
"hierarchical","Continuous","SVM Syn.","R_squared","parmpred",0.84490387793623
"hierarchical","Continuous","SVM Syn.","R_squared","svmpred",0.917680272516736
"hierarchical","Continuous","SVM Syn.","Specificity","bnpred",0.914426659745278
"linear","Categorical","BN Syn.","Accuracy","bnpred",0.614322583972087
"linear","Categorical","BN Syn.","Accuracy","cartpred",0.616002084009037
"linear","Categorical","BN Syn.","Accuracy","parmpred",0.619000586257165
"linear","Categorical","BN Syn.","Accuracy","svmpred",0.616200261650065
"linear","Categorical","BN Syn.","F1","bnpred",0.578328637033818
"linear","Categorical","BN Syn.","F1","cartpred",0.573526781352397
"linear","Categorical","BN Syn.","F1","parmpred",0.580483150449293
"linear","Categorical","BN Syn.","F1","svmpred",0.573645440636914
"linear","Categorical","BN Syn.","Specificity","bnpred",0.851273499559745
"linear","Categorical","BN Syn.","Specificity","cartpred",0.853548022817701
"linear","Categorical","BN Syn.","Specificity","parmpred",0.856892836627421
"linear","Categorical","BN Syn.","Specificity","svmpred",0.853965995576171
"linear","Categorical","CART Syn.","Accuracy","bnpred",0.605185908001572
"linear","Categorical","CART Syn.","Accuracy","cartpred",0.666698516524629
"linear","Categorical","CART Syn.","Accuracy","parmpred",0.672295021320509
"linear","Categorical","CART Syn.","Accuracy","svmpred",0.671601716725429
"linear","Categorical","CART Syn.","F1","bnpred",0.575263971832875
"linear","Categorical","CART Syn.","F1","cartpred",0.629163114952125
"linear","Categorical","CART Syn.","F1","parmpred",0.637150142351648
"linear","Categorical","CART Syn.","F1","svmpred",0.63292496576312
"linear","Categorical","CART Syn.","Specificity","bnpred",0.84629218441975
"linear","Categorical","CART Syn.","Specificity","cartpred",0.879707184083122
"linear","Categorical","CART Syn.","Specificity","parmpred",0.882823527957202
"linear","Categorical","CART Syn.","Specificity","svmpred",0.879800364099174
"linear","Categorical","Simulated Data","Accuracy","bnpred",0.625290519267519
"linear","Categorical","Simulated Data","Accuracy","cartpred",0.664301700801251
"linear","Categorical","Simulated Data","Accuracy","parmpred",0.743397847999462
"linear","Categorical","Simulated Data","Accuracy","svmpred",0.710402442200611
"linear","Categorical","Simulated Data","F1","bnpred",0.591152015129073
"linear","Categorical","Simulated Data","F1","cartpred",0.622335941388868
"linear","Categorical","Simulated Data","F1","parmpred",0.736619195791754
"linear","Categorical","Simulated Data","F1","svmpred",0.665285869033576
"linear","Categorical","Simulated Data","Specificity","bnpred",0.842422670509663
"linear","Categorical","Simulated Data","Specificity","cartpred",0.877987323996561
"linear","Categorical","Simulated Data","Specificity","parmpred",0.913334637223788
"linear","Categorical","Simulated Data","Specificity","svmpred",0.890387417239576
"linear","Categorical","Parametric Syn.","Accuracy","bnpred",0.599554353323976
"linear","Categorical","Parametric Syn.","Accuracy","cartpred",0.659298565749641
"linear","Categorical","Parametric Syn.","Accuracy","parmpred",0.701399890574973
"linear","Categorical","Parametric Syn.","Accuracy","svmpred",0.688301487875372
"linear","Categorical","Parametric Syn.","F1","bnpred",0.575419408016463
"linear","Categorical","Parametric Syn.","F1","cartpred",0.626961580411433
"linear","Categorical","Parametric Syn.","F1","parmpred",0.668384508518319
"linear","Categorical","Parametric Syn.","F1","svmpred",0.659536754042208
"linear","Categorical","Parametric Syn.","Specificity","bnpred",0.849809811147033
"linear","Categorical","Parametric Syn.","Specificity","cartpred",0.870644663680127
"linear","Categorical","Parametric Syn.","Specificity","parmpred",0.886043019432524
"linear","Categorical","Parametric Syn.","Specificity","svmpred",0.878083643097152
"linear","Categorical","SVM Syn.","Accuracy","bnpred",0.599554353323976
"linear","Categorical","SVM Syn.","Accuracy","cartpred",0.659298565749641
"linear","Categorical","SVM Syn.","Accuracy","parmpred",0.701399890574973
"linear","Categorical","SVM Syn.","Accuracy","svmpred",0.688301487875372
"linear","Categorical","SVM Syn.","F1","bnpred",0.575419408016463
"linear","Categorical","SVM Syn.","F1","cartpred",0.626961580411433
"linear","Categorical","SVM Syn.","F1","parmpred",0.668384508518319
"linear","Categorical","SVM Syn.","F1","svmpred",0.659536754042208
"linear","Categorical","SVM Syn.","Specificity","bnpred",0.849809811147033
"linear","Categorical","SVM Syn.","Specificity","cartpred",0.870644663680127
"linear","Categorical","SVM Syn.","Specificity","parmpred",0.886043019432524
"linear","Categorical","SVM Syn.","Specificity","svmpred",0.878083643097152
"linear","Continuous","BN Syn.","Accuracy","bnpred",0.79548314626248
"linear","Continuous","BN Syn.","Accuracy","cartpred",0.793499858399965
"linear","Continuous","BN Syn.","Accuracy","parmpred",0.7938
"linear","Continuous","BN Syn.","Accuracy","svmpred",0.789204240522381
"linear","Continuous","BN Syn.","F1","bnpred",0.791214091219048
"linear","Continuous","BN Syn.","F1","cartpred",0.787690478472805
"linear","Continuous","BN Syn.","F1","parmpred",0.790272008592325
"linear","Continuous","BN Syn.","F1","svmpred",0.785532524436032
"linear","Continuous","BN Syn.","Specificity","bnpred",0.840494394671328
"linear","Continuous","BN Syn.","Specificity","cartpred",0.840618114061657
"linear","Continuous","BN Syn.","Specificity","parmpred",0.839309858075368
"linear","Continuous","BN Syn.","Specificity","svmpred",0.838855876816709
"linear","Continuous","CART Syn.","Accuracy","bnpred",0.787013526621274
"linear","Continuous","CART Syn.","F1","bnpred",0.783872087732782
"linear","Continuous","CART Syn.","MAE","cartpred",0.298714746035672
"linear","Continuous","CART Syn.","MAE","parmpred",0.255980275022787
"linear","Continuous","CART Syn.","MAE","svmpred",0.256129680246124
"linear","Continuous","CART Syn.","RMSE","cartpred",0.380475236538096
"linear","Continuous","CART Syn.","RMSE","parmpred",0.329986131186672
"linear","Continuous","CART Syn.","RMSE","svmpred",0.330901344470776
"linear","Continuous","CART Syn.","R_squared","cartpred",0.906044370519214
"linear","Continuous","CART Syn.","R_squared","parmpred",0.93694272014878
"linear","Continuous","CART Syn.","R_squared","svmpred",0.935792920651356
"linear","Continuous","CART Syn.","Specificity","bnpred",0.844666931738602
"linear","Continuous","Simulated Data","Accuracy","bnpred",0.796895259840718
"linear","Continuous","Simulated Data","F1","bnpred",0.795449182904383
"linear","Continuous","Simulated Data","MAE","cartpred",0.305757707387142
"linear","Continuous","Simulated Data","MAE","parmpred",0.129364150142921
"linear","Continuous","Simulated Data","MAE","svmpred",0.141341929591283
"linear","Continuous","Simulated Data","RMSE","cartpred",0.38613348683214
"linear","Continuous","Simulated Data","RMSE","parmpred",0.162707499234467
"linear","Continuous","Simulated Data","RMSE","svmpred",0.183889614274134
"linear","Continuous","Simulated Data","R_squared","cartpred",0.90783534997398
"linear","Continuous","Simulated Data","R_squared","parmpred",0.979957910190181
"linear","Continuous","Simulated Data","R_squared","svmpred",0.975797896794673
"linear","Continuous","Simulated Data","Specificity","bnpred",0.84713621175696
"linear","Continuous","Parametric Syn.","Accuracy","bnpred",0.781092781859481
"linear","Continuous","Parametric Syn.","F1","bnpred",0.779141052956637
"linear","Continuous","Parametric Syn.","MAE","cartpred",0.308266335973853
"linear","Continuous","Parametric Syn.","MAE","parmpred",0.131921025240804
"linear","Continuous","Parametric Syn.","MAE","svmpred",0.140495887141703
"linear","Continuous","Parametric Syn.","RMSE","cartpred",0.388004610546395
"linear","Continuous","Parametric Syn.","RMSE","parmpred",0.165114342681108
"linear","Continuous","Parametric Syn.","RMSE","svmpred",0.180398008133329
"linear","Continuous","Parametric Syn.","R_squared","cartpred",0.909577602115451
"linear","Continuous","Parametric Syn.","R_squared","parmpred",0.979347955442361
"linear","Continuous","Parametric Syn.","R_squared","svmpred",0.976363913133969
"linear","Continuous","Parametric Syn.","Specificity","bnpred",0.851970850231909
"linear","Continuous","SVM Syn.","Accuracy","bnpred",0.781092781859481
"linear","Continuous","SVM Syn.","F1","bnpred",0.779141052956637
"linear","Continuous","SVM Syn.","MAE","cartpred",0.308266335973853
"linear","Continuous","SVM Syn.","MAE","parmpred",0.131921025240804
"linear","Continuous","SVM Syn.","MAE","svmpred",0.140495887141703
"linear","Continuous","SVM Syn.","RMSE","cartpred",0.388004610546395
"linear","Continuous","SVM Syn.","RMSE","parmpred",0.165114342681108
"linear","Continuous","SVM Syn.","RMSE","svmpred",0.180398008133329
"linear","Continuous","SVM Syn.","R_squared","cartpred",0.909577602115451
"linear","Continuous","SVM Syn.","R_squared","parmpred",0.979347955442361
"linear","Continuous","SVM Syn.","R_squared","svmpred",0.976363913133969
"linear","Continuous","SVM Syn.","Specificity","bnpred",0.851970850231909
