dataset,synth_method,synth_seed,Synth_Family,Metric,best_orig_models,best_synth_models,n_best_orig,n_best_synth,top1_agreement,synthetic_best_is_same_family,original_best_is_synth_family,synth_family_rank_orig,synth_family_rank_synth,spearman_rho,kendall_tau,ranking_reversal,reversal_to_synth_family,synth_family_becomes_winner,synth_family_rank_change
Adult,bnsyn,synmc1,bn,Accuracy,cartpred,bnpred,1,1,FALSE,TRUE,FALSE,4,1,-0.8,-0.6666666666666667,TRUE,TRUE,TRUE,-3
Adult,bnsyn,synmc1,bn,F1,cartpred,parmpred,1,1,FALSE,FALSE,FALSE,4,4,0.4,0.33333333333333337,TRUE,FALSE,FALSE,0
Adult,bnsyn,synmc1,bn,Specificity,svmpred,bnpred,1,1,FALSE,TRUE,FALSE,4,1,-1,-1,TRUE,TRUE,TRUE,-3
Adult,bnsyn,synmc2,bn,Accuracy,cartpred,bnpred,1,1,FALSE,TRUE,FALSE,4,1,-0.8,-0.6666666666666667,TRUE,TRUE,TRUE,-3
Adult,bnsyn,synmc2,bn,F1,cartpred,parmpred,1,1,FALSE,FALSE,FALSE,4,4,0.4,0.33333333333333337,TRUE,FALSE,FALSE,0
Adult,bnsyn,synmc2,bn,Specificity,svmpred,bnpred,1,1,FALSE,TRUE,FALSE,4,1,-1,-1,TRUE,TRUE,TRUE,-3
Adult,bnsyn,synmc3,bn,Accuracy,cartpred,bnpred,1,1,FALSE,TRUE,FALSE,4,1,-1,-1,TRUE,TRUE,TRUE,-3
Adult,bnsyn,synmc3,bn,F1,cartpred,bnpred,1,1,FALSE,TRUE,FALSE,4,1,-1,-1,TRUE,TRUE,TRUE,-3
Adult,bnsyn,synmc3,bn,Specificity,svmpred,bnpred,1,1,FALSE,TRUE,FALSE,4,1,-1,-1,TRUE,TRUE,TRUE,-3
Adult,bnsyn,synmc4,bn,Accuracy,cartpred,bnpred,1,1,FALSE,TRUE,FALSE,4,1,-0.8,-0.6666666666666667,TRUE,TRUE,TRUE,-3
Adult,bnsyn,synmc4,bn,F1,cartpred,bnpred,1,1,FALSE,TRUE,FALSE,4,1,-0.8,-0.6666666666666667,TRUE,TRUE,TRUE,-3
Adult,bnsyn,synmc4,bn,Specificity,svmpred,bnpred,1,1,FALSE,TRUE,FALSE,4,1,-1,-1,TRUE,TRUE,TRUE,-3
Adult,bnsyn,synmc5,bn,Accuracy,cartpred,bnpred,1,1,FALSE,TRUE,FALSE,4,1,-0.8,-0.6666666666666667,TRUE,TRUE,TRUE,-3
Adult,bnsyn,synmc5,bn,F1,cartpred,bnpred,1,1,FALSE,TRUE,FALSE,4,1,-0.8,-0.6666666666666667,TRUE,TRUE,TRUE,-3
Adult,bnsyn,synmc5,bn,Specificity,svmpred,bnpred,1,1,FALSE,TRUE,FALSE,4,1,-1,-1,TRUE,TRUE,TRUE,-3
Adult,cartsyn,synmc1,cart,Accuracy,cartpred,cartpred,1,1,TRUE,TRUE,TRUE,1,1,1,1,FALSE,FALSE,FALSE,0
Adult,cartsyn,synmc1,cart,F1,cartpred,cartpred,1,1,TRUE,TRUE,TRUE,1,1,0.8,0.6666666666666667,FALSE,FALSE,FALSE,0
Adult,cartsyn,synmc1,cart,Specificity,svmpred,cartpred,1,1,FALSE,TRUE,FALSE,2,1,0.6000000000000001,0.33333333333333337,TRUE,TRUE,TRUE,-1
Adult,cartsyn,synmc2,cart,Accuracy,cartpred,svmpred,1,1,FALSE,FALSE,TRUE,1,2,0.8,0.6666666666666667,TRUE,FALSE,FALSE,1
Adult,cartsyn,synmc2,cart,F1,cartpred,svmpred,1,1,FALSE,FALSE,TRUE,1,2,0.8,0.6666666666666667,TRUE,FALSE,FALSE,1
Adult,cartsyn,synmc2,cart,Specificity,svmpred,svmpred,1,1,TRUE,FALSE,FALSE,2,4,0.2,0,FALSE,FALSE,FALSE,2
Adult,cartsyn,synmc3,cart,Accuracy,cartpred,cartpred,1,1,TRUE,TRUE,TRUE,1,1,1,1,FALSE,FALSE,FALSE,0
Adult,cartsyn,synmc3,cart,F1,cartpred,cartpred,1,1,TRUE,TRUE,TRUE,1,1,1,1,FALSE,FALSE,FALSE,0
Adult,cartsyn,synmc3,cart,Specificity,svmpred,bnpred,1,1,FALSE,FALSE,FALSE,2,2,-0.4,-0.33333333333333337,TRUE,FALSE,FALSE,0
Adult,cartsyn,synmc4,cart,Accuracy,cartpred,cartpred,1,1,TRUE,TRUE,TRUE,1,1,1,1,FALSE,FALSE,FALSE,0
Adult,cartsyn,synmc4,cart,F1,cartpred,cartpred,1,1,TRUE,TRUE,TRUE,1,1,1,1,FALSE,FALSE,FALSE,0
Adult,cartsyn,synmc4,cart,Specificity,svmpred,cartpred,1,1,FALSE,TRUE,FALSE,2,1,0.6000000000000001,0.33333333333333337,TRUE,TRUE,TRUE,-1
Adult,cartsyn,synmc5,cart,Accuracy,cartpred,svmpred,1,1,FALSE,FALSE,TRUE,1,2,0.8,0.6666666666666667,TRUE,FALSE,FALSE,1
Adult,cartsyn,synmc5,cart,F1,cartpred,svmpred,1,1,FALSE,FALSE,TRUE,1,2,0.8,0.6666666666666667,TRUE,FALSE,FALSE,1
Adult,cartsyn,synmc5,cart,Specificity,svmpred,svmpred,1,1,TRUE,FALSE,FALSE,2,2,0.8,0.6666666666666667,FALSE,FALSE,FALSE,0
Adult,parmsyn,synmc1,parm,Accuracy,cartpred,parmpred,1,1,FALSE,TRUE,FALSE,3,1,0.2,0,TRUE,TRUE,TRUE,-2
Adult,parmsyn,synmc1,parm,F1,cartpred,parmpred,1,1,FALSE,TRUE,FALSE,3,1,0.2,0,TRUE,TRUE,TRUE,-2
Adult,parmsyn,synmc1,parm,Specificity,svmpred,parmpred,1,1,FALSE,TRUE,FALSE,3,1,0.4,0.33333333333333337,TRUE,TRUE,TRUE,-2
Adult,parmsyn,synmc2,parm,Accuracy,cartpred,parmpred,1,1,FALSE,TRUE,FALSE,3,1,0.2,0,TRUE,TRUE,TRUE,-2
Adult,parmsyn,synmc2,parm,F1,cartpred,parmpred,1,1,FALSE,TRUE,FALSE,3,1,0.2,0,TRUE,TRUE,TRUE,-2
Adult,parmsyn,synmc2,parm,Specificity,svmpred,parmpred,1,1,FALSE,TRUE,FALSE,3,1,0.2,0,TRUE,TRUE,TRUE,-2
Adult,parmsyn,synmc3,parm,Accuracy,cartpred,parmpred,1,1,FALSE,TRUE,FALSE,3,1,0,0,TRUE,TRUE,TRUE,-2
Adult,parmsyn,synmc3,parm,F1,cartpred,parmpred,1,1,FALSE,TRUE,FALSE,3,1,0.4,0.33333333333333337,TRUE,TRUE,TRUE,-2
Adult,parmsyn,synmc3,parm,Specificity,svmpred,bnpred,1,1,FALSE,FALSE,FALSE,3,2,-1,-1,TRUE,FALSE,FALSE,-1
Adult,parmsyn,synmc4,parm,Accuracy,cartpred,parmpred,1,1,FALSE,TRUE,FALSE,3,1,0,0,TRUE,TRUE,TRUE,-2
Adult,parmsyn,synmc4,parm,F1,cartpred,parmpred,1,1,FALSE,TRUE,FALSE,3,1,0,0,TRUE,TRUE,TRUE,-2
Adult,parmsyn,synmc4,parm,Specificity,svmpred,parmpred,1,1,FALSE,TRUE,FALSE,3,1,-0.4,-0.33333333333333337,TRUE,TRUE,TRUE,-2
Adult,parmsyn,synmc5,parm,Accuracy,cartpred,parmpred,1,1,FALSE,TRUE,FALSE,3,1,0.4,0.33333333333333337,TRUE,TRUE,TRUE,-2
Adult,parmsyn,synmc5,parm,F1,cartpred,parmpred,1,1,FALSE,TRUE,FALSE,3,1,0.4,0.33333333333333337,TRUE,TRUE,TRUE,-2
Adult,parmsyn,synmc5,parm,Specificity,svmpred,parmpred,1,1,FALSE,TRUE,FALSE,3,1,0.2,0,TRUE,TRUE,TRUE,-2
Adult,svmsyn,synmc1,svm,Accuracy,cartpred,cartpred,1,1,TRUE,FALSE,FALSE,2,2,1,1,FALSE,FALSE,FALSE,0
Adult,svmsyn,synmc1,svm,F1,cartpred,cartpred,1,1,TRUE,FALSE,FALSE,2,2,1,1,FALSE,FALSE,FALSE,0
Adult,svmsyn,synmc1,svm,Specificity,svmpred,cartpred,1,1,FALSE,FALSE,TRUE,1,2,0.6000000000000001,0.33333333333333337,TRUE,FALSE,FALSE,1
Adult,svmsyn,synmc2,svm,Accuracy,cartpred,cartpred,1,1,TRUE,FALSE,FALSE,2,2,1,1,FALSE,FALSE,FALSE,0
Adult,svmsyn,synmc2,svm,F1,cartpred,cartpred,1,1,TRUE,FALSE,FALSE,2,2,1,1,FALSE,FALSE,FALSE,0
Adult,svmsyn,synmc2,svm,Specificity,svmpred,cartpred,1,1,FALSE,FALSE,TRUE,1,2,0.6000000000000001,0.33333333333333337,TRUE,FALSE,FALSE,1
Adult,svmsyn,synmc3,svm,Accuracy,cartpred,cartpred,1,1,TRUE,FALSE,FALSE,2,2,1,1,FALSE,FALSE,FALSE,0
Adult,svmsyn,synmc3,svm,F1,cartpred,cartpred,1,1,TRUE,FALSE,FALSE,2,2,1,1,FALSE,FALSE,FALSE,0
Adult,svmsyn,synmc3,svm,Specificity,svmpred,bnpred,1,1,FALSE,FALSE,TRUE,1,3,-0.4,-0.33333333333333337,TRUE,FALSE,FALSE,2
Adult,svmsyn,synmc4,svm,Accuracy,cartpred,cartpred,1,1,TRUE,FALSE,FALSE,2,2,1,1,FALSE,FALSE,FALSE,0
Adult,svmsyn,synmc4,svm,F1,cartpred,cartpred,1,1,TRUE,FALSE,FALSE,2,2,1,1,FALSE,FALSE,FALSE,0
Adult,svmsyn,synmc4,svm,Specificity,svmpred,cartpred,1,1,FALSE,FALSE,TRUE,1,2,0.6000000000000001,0.33333333333333337,TRUE,FALSE,FALSE,1
Adult,svmsyn,synmc5,svm,Accuracy,cartpred,cartpred,1,1,TRUE,FALSE,FALSE,2,2,1,1,FALSE,FALSE,FALSE,0
Adult,svmsyn,synmc5,svm,F1,cartpred,cartpred,1,1,TRUE,FALSE,FALSE,2,2,1,1,FALSE,FALSE,FALSE,0
Adult,svmsyn,synmc5,svm,Specificity,svmpred,cartpred,1,1,FALSE,FALSE,TRUE,1,2,0.6000000000000001,0.33333333333333337,TRUE,FALSE,FALSE,1
BankMarketing,bnsyn,synmc1,bn,Accuracy,parmpred,bnpred,1,1,FALSE,TRUE,FALSE,4,1,-0.4,-0.33333333333333337,TRUE,TRUE,TRUE,-3
BankMarketing,bnsyn,synmc1,bn,F1,parmpred,bnpred,1,1,FALSE,TRUE,FALSE,3,1,0,0,TRUE,TRUE,TRUE,-2
BankMarketing,bnsyn,synmc1,bn,Specificity,cartpred,cartpred,1,1,TRUE,FALSE,FALSE,4,2,0.2,0,FALSE,FALSE,FALSE,-2
BankMarketing,bnsyn,synmc2,bn,Accuracy,parmpred,bnpred,1,1,FALSE,TRUE,FALSE,4,1,-0.2,0,TRUE,TRUE,TRUE,-3
BankMarketing,bnsyn,synmc2,bn,F1,parmpred,bnpred,1,1,FALSE,TRUE,FALSE,3,1,0,0,TRUE,TRUE,TRUE,-2
BankMarketing,bnsyn,synmc2,bn,Specificity,cartpred,cartpred,1,1,TRUE,FALSE,FALSE,4,2,0.2,0,FALSE,FALSE,FALSE,-2
BankMarketing,bnsyn,synmc3,bn,Accuracy,parmpred,parmpred,1,1,TRUE,FALSE,FALSE,4,4,1,1,FALSE,FALSE,FALSE,0
BankMarketing,bnsyn,synmc3,bn,F1,parmpred,parmpred,1,1,TRUE,FALSE,FALSE,3,4,0.8,0.6666666666666667,FALSE,FALSE,FALSE,1
BankMarketing,bnsyn,synmc3,bn,Specificity,cartpred,parmpred,1,1,FALSE,FALSE,FALSE,4,2,0,0,TRUE,FALSE,FALSE,-2
BankMarketing,bnsyn,synmc4,bn,Accuracy,parmpred,parmpred,1,1,TRUE,FALSE,FALSE,4,2,0.2,0,FALSE,FALSE,FALSE,-2
BankMarketing,bnsyn,synmc4,bn,F1,parmpred,parmpred,1,1,TRUE,FALSE,FALSE,3,2,0.4,0.33333333333333337,FALSE,FALSE,FALSE,-1
BankMarketing,bnsyn,synmc4,bn,Specificity,cartpred,cartpred,1,1,TRUE,FALSE,FALSE,4,2,0.2,0,FALSE,FALSE,FALSE,-2
BankMarketing,bnsyn,synmc5,bn,Accuracy,parmpred,cartpred,1,1,FALSE,FALSE,FALSE,4,4,0.8,0.6666666666666667,TRUE,FALSE,FALSE,0
BankMarketing,bnsyn,synmc5,bn,F1,parmpred,parmpred,1,1,TRUE,FALSE,FALSE,3,4,0.4,0.33333333333333337,FALSE,FALSE,FALSE,1
BankMarketing,bnsyn,synmc5,bn,Specificity,cartpred,cartpred,1,1,TRUE,FALSE,FALSE,4,2,0.2,0,FALSE,FALSE,FALSE,-2
BankMarketing,cartsyn,synmc1,cart,Accuracy,parmpred,cartpred,1,1,FALSE,TRUE,FALSE,2,1,0.6000000000000001,0.33333333333333337,TRUE,TRUE,TRUE,-1
BankMarketing,cartsyn,synmc1,cart,F1,parmpred,cartpred,1,1,FALSE,TRUE,FALSE,2,1,0.8,0.6666666666666667,TRUE,TRUE,TRUE,-1
BankMarketing,cartsyn,synmc1,cart,Specificity,cartpred,cartpred,1,1,TRUE,TRUE,TRUE,1,1,0.8,0.6666666666666667,FALSE,FALSE,FALSE,0
BankMarketing,cartsyn,synmc2,cart,Accuracy,parmpred,cartpred,1,1,FALSE,TRUE,FALSE,2,1,0.6000000000000001,0.33333333333333337,TRUE,TRUE,TRUE,-1
BankMarketing,cartsyn,synmc2,cart,F1,parmpred,cartpred,1,1,FALSE,TRUE,FALSE,2,1,0.8,0.6666666666666667,TRUE,TRUE,TRUE,-1
BankMarketing,cartsyn,synmc2,cart,Specificity,cartpred,cartpred,1,1,TRUE,TRUE,TRUE,1,1,1,1,FALSE,FALSE,FALSE,0
BankMarketing,cartsyn,synmc3,cart,Accuracy,parmpred,cartpred,1,1,FALSE,TRUE,FALSE,2,1,0.6000000000000001,0.33333333333333337,TRUE,TRUE,TRUE,-1
BankMarketing,cartsyn,synmc3,cart,F1,parmpred,cartpred,1,1,FALSE,TRUE,FALSE,2,1,0.8,0.6666666666666667,TRUE,TRUE,TRUE,-1
BankMarketing,cartsyn,synmc3,cart,Specificity,cartpred,cartpred,1,1,TRUE,TRUE,TRUE,1,1,1,1,FALSE,FALSE,FALSE,0
BankMarketing,cartsyn,synmc4,cart,Accuracy,parmpred,cartpred,1,1,FALSE,TRUE,FALSE,2,1,0,0,TRUE,TRUE,TRUE,-1
BankMarketing,cartsyn,synmc4,cart,F1,parmpred,cartpred,1,1,FALSE,TRUE,FALSE,2,1,0.4,0.33333333333333337,TRUE,TRUE,TRUE,-1
BankMarketing,cartsyn,synmc4,cart,Specificity,cartpred,cartpred,1,1,TRUE,TRUE,TRUE,1,1,0.8,0.6666666666666667,FALSE,FALSE,FALSE,0
BankMarketing,cartsyn,synmc5,cart,Accuracy,parmpred,cartpred,1,1,FALSE,TRUE,FALSE,2,1,0.6000000000000001,0.33333333333333337,TRUE,TRUE,TRUE,-1
BankMarketing,cartsyn,synmc5,cart,F1,parmpred,cartpred,1,1,FALSE,TRUE,FALSE,2,1,0.8,0.6666666666666667,TRUE,TRUE,TRUE,-1
BankMarketing,cartsyn,synmc5,cart,Specificity,cartpred,cartpred,1,1,TRUE,TRUE,TRUE,1,1,0.8,0.6666666666666667,FALSE,FALSE,FALSE,0
BankMarketing,parmsyn,synmc1,parm,Accuracy,parmpred,parmpred,1,1,TRUE,TRUE,TRUE,1,1,0.4,0.33333333333333337,FALSE,FALSE,FALSE,0
BankMarketing,parmsyn,synmc1,parm,F1,parmpred,parmpred,1,1,TRUE,TRUE,TRUE,1,1,0.8,0.6666666666666667,FALSE,FALSE,FALSE,0
BankMarketing,parmsyn,synmc1,parm,Specificity,cartpred,parmpred,1,1,FALSE,TRUE,FALSE,2,1,0.6000000000000001,0.33333333333333337,TRUE,TRUE,TRUE,-1
BankMarketing,parmsyn,synmc2,parm,Accuracy,parmpred,parmpred,1,1,TRUE,TRUE,TRUE,1,1,0.8,0.6666666666666667,FALSE,FALSE,FALSE,0
BankMarketing,parmsyn,synmc2,parm,F1,parmpred,parmpred,1,1,TRUE,TRUE,TRUE,1,1,1,1,FALSE,FALSE,FALSE,0
BankMarketing,parmsyn,synmc2,parm,Specificity,cartpred,parmpred,1,1,FALSE,TRUE,FALSE,2,1,0.6000000000000001,0.33333333333333337,TRUE,TRUE,TRUE,-1
BankMarketing,parmsyn,synmc3,parm,Accuracy,parmpred,parmpred,1,1,TRUE,TRUE,TRUE,1,1,0.4,0.33333333333333337,FALSE,FALSE,FALSE,0
BankMarketing,parmsyn,synmc3,parm,F1,parmpred,parmpred,1,1,TRUE,TRUE,TRUE,1,1,0.2,0,FALSE,FALSE,FALSE,0
BankMarketing,parmsyn,synmc3,parm,Specificity,cartpred,parmpred,1,1,FALSE,TRUE,FALSE,2,1,-0.4,-0.33333333333333337,TRUE,TRUE,TRUE,-1
BankMarketing,parmsyn,synmc4,parm,Accuracy,parmpred,parmpred,1,1,TRUE,TRUE,TRUE,1,1,0.8,0.6666666666666667,FALSE,FALSE,FALSE,0
BankMarketing,parmsyn,synmc4,parm,F1,parmpred,parmpred,1,1,TRUE,TRUE,TRUE,1,1,0.4,0.33333333333333337,FALSE,FALSE,FALSE,0
BankMarketing,parmsyn,synmc4,parm,Specificity,cartpred,parmpred,1,1,FALSE,TRUE,FALSE,2,1,0.8,0.6666666666666667,TRUE,TRUE,TRUE,-1
BankMarketing,parmsyn,synmc5,parm,Accuracy,parmpred,parmpred,1,1,TRUE,TRUE,TRUE,1,1,0.4,0.33333333333333337,FALSE,FALSE,FALSE,0
BankMarketing,parmsyn,synmc5,parm,F1,parmpred,parmpred,1,1,TRUE,TRUE,TRUE,1,1,0.8,0.6666666666666667,FALSE,FALSE,FALSE,0
BankMarketing,parmsyn,synmc5,parm,Specificity,cartpred,parmpred,1,1,FALSE,TRUE,FALSE,2,1,0.4,0.33333333333333337,TRUE,TRUE,TRUE,-1
BankMarketing,svmsyn,synmc1,svm,Accuracy,parmpred,bnpred,1,1,FALSE,FALSE,FALSE,3,2,-0.8,-0.6666666666666667,TRUE,FALSE,FALSE,-1
BankMarketing,svmsyn,synmc1,svm,F1,parmpred,bnpred,1,1,FALSE,FALSE,FALSE,4,2,-0.6000000000000001,-0.33333333333333337,TRUE,FALSE,FALSE,-2
BankMarketing,svmsyn,synmc1,svm,Specificity,cartpred,cartpred,1,1,TRUE,FALSE,FALSE,3,2,0.8,0.6666666666666667,FALSE,FALSE,FALSE,-1
BankMarketing,svmsyn,synmc2,svm,Accuracy,parmpred,parmpred,1,1,TRUE,FALSE,FALSE,3,4,0.8,0.6666666666666667,FALSE,FALSE,FALSE,1
BankMarketing,svmsyn,synmc2,svm,F1,parmpred,parmpred,1,1,TRUE,FALSE,FALSE,4,4,1,1,FALSE,FALSE,FALSE,0
BankMarketing,svmsyn,synmc2,svm,Specificity,cartpred,cartpred,1,1,TRUE,FALSE,FALSE,3,3,1,1,FALSE,FALSE,FALSE,0
BankMarketing,svmsyn,synmc3,svm,Accuracy,parmpred,cartpred,1,1,FALSE,FALSE,FALSE,3,2,-0.2,0,TRUE,FALSE,FALSE,-1
BankMarketing,svmsyn,synmc3,svm,F1,parmpred,cartpred,1,1,FALSE,FALSE,FALSE,4,2,-0.4,-0.33333333333333337,TRUE,FALSE,FALSE,-2
BankMarketing,svmsyn,synmc3,svm,Specificity,cartpred,cartpred,1,1,TRUE,FALSE,FALSE,3,2,0.4,0.33333333333333337,FALSE,FALSE,FALSE,-1
BankMarketing,svmsyn,synmc4,svm,Accuracy,parmpred,bnpred,1,1,FALSE,FALSE,FALSE,3,4,-0.2,0,TRUE,FALSE,FALSE,1
BankMarketing,svmsyn,synmc4,svm,F1,parmpred,bnpred,1,1,FALSE,FALSE,FALSE,4,4,0.4,0.33333333333333337,TRUE,FALSE,FALSE,0
BankMarketing,svmsyn,synmc4,svm,Specificity,cartpred,cartpred,1,1,TRUE,FALSE,FALSE,3,3,0.2,0,FALSE,FALSE,FALSE,0
BankMarketing,svmsyn,synmc5,svm,Accuracy,parmpred,cartpred,1,1,FALSE,FALSE,FALSE,3,4,0,0,TRUE,FALSE,FALSE,1
BankMarketing,svmsyn,synmc5,svm,F1,parmpred,cartpred,1,1,FALSE,FALSE,FALSE,4,4,0.4,0.33333333333333337,TRUE,FALSE,FALSE,0
BankMarketing,svmsyn,synmc5,svm,Specificity,cartpred,cartpred,1,1,TRUE,FALSE,FALSE,3,2,0.4,0.33333333333333337,FALSE,FALSE,FALSE,-1
BikeSharing,cartsyn,synmc1,cart,MAE,parmpred,parmpred,1,1,TRUE,FALSE,FALSE,3,3,1,1,FALSE,FALSE,FALSE,0
BikeSharing,cartsyn,synmc1,cart,RMSE,parmpred,parmpred,1,1,TRUE,FALSE,FALSE,3,3,1,1,FALSE,FALSE,FALSE,0
BikeSharing,cartsyn,synmc1,cart,R_squared,parmpred,parmpred,1,1,TRUE,FALSE,FALSE,3,3,1,1,FALSE,FALSE,FALSE,0
BikeSharing,cartsyn,synmc2,cart,MAE,parmpred,parmpred,1,1,TRUE,FALSE,FALSE,3,3,1,1,FALSE,FALSE,FALSE,0
BikeSharing,cartsyn,synmc2,cart,RMSE,parmpred,parmpred,1,1,TRUE,FALSE,FALSE,3,3,1,1,FALSE,FALSE,FALSE,0
BikeSharing,cartsyn,synmc2,cart,R_squared,parmpred,parmpred,1,1,TRUE,FALSE,FALSE,3,3,1,1,FALSE,FALSE,FALSE,0
BikeSharing,cartsyn,synmc3,cart,MAE,parmpred,parmpred,1,1,TRUE,FALSE,FALSE,3,3,1,1,FALSE,FALSE,FALSE,0
BikeSharing,cartsyn,synmc3,cart,RMSE,parmpred,parmpred,1,1,TRUE,FALSE,FALSE,3,3,1,1,FALSE,FALSE,FALSE,0
BikeSharing,cartsyn,synmc3,cart,R_squared,parmpred,parmpred,1,1,TRUE,FALSE,FALSE,3,3,1,1,FALSE,FALSE,FALSE,0
BikeSharing,cartsyn,synmc4,cart,MAE,parmpred,parmpred,1,1,TRUE,FALSE,FALSE,3,3,1,1,FALSE,FALSE,FALSE,0
BikeSharing,cartsyn,synmc4,cart,RMSE,parmpred,parmpred,1,1,TRUE,FALSE,FALSE,3,3,1,1,FALSE,FALSE,FALSE,0
BikeSharing,cartsyn,synmc4,cart,R_squared,parmpred,parmpred,1,1,TRUE,FALSE,FALSE,3,3,1,1,FALSE,FALSE,FALSE,0
BikeSharing,cartsyn,synmc5,cart,MAE,parmpred,parmpred,1,1,TRUE,FALSE,FALSE,3,3,1,1,FALSE,FALSE,FALSE,0
BikeSharing,cartsyn,synmc5,cart,RMSE,parmpred,parmpred,1,1,TRUE,FALSE,FALSE,3,3,1,1,FALSE,FALSE,FALSE,0
BikeSharing,cartsyn,synmc5,cart,R_squared,parmpred,parmpred,1,1,TRUE,FALSE,FALSE,3,3,1,1,FALSE,FALSE,FALSE,0
BikeSharing,parmsyn,synmc1,parm,MAE,parmpred,parmpred,1,1,TRUE,TRUE,TRUE,1,1,1,1,FALSE,FALSE,FALSE,0
BikeSharing,parmsyn,synmc1,parm,RMSE,parmpred,parmpred,1,1,TRUE,TRUE,TRUE,1,1,1,1,FALSE,FALSE,FALSE,0
BikeSharing,parmsyn,synmc1,parm,R_squared,parmpred,parmpred,1,1,TRUE,TRUE,TRUE,1,1,1,1,FALSE,FALSE,FALSE,0
BikeSharing,parmsyn,synmc2,parm,MAE,parmpred,parmpred,1,1,TRUE,TRUE,TRUE,1,1,1,1,FALSE,FALSE,FALSE,0
BikeSharing,parmsyn,synmc2,parm,RMSE,parmpred,parmpred,1,1,TRUE,TRUE,TRUE,1,1,1,1,FALSE,FALSE,FALSE,0
BikeSharing,parmsyn,synmc2,parm,R_squared,parmpred,parmpred,1,1,TRUE,TRUE,TRUE,1,1,1,1,FALSE,FALSE,FALSE,0
BikeSharing,parmsyn,synmc3,parm,MAE,parmpred,parmpred,1,1,TRUE,TRUE,TRUE,1,1,1,1,FALSE,FALSE,FALSE,0
BikeSharing,parmsyn,synmc3,parm,RMSE,parmpred,parmpred,1,1,TRUE,TRUE,TRUE,1,1,1,1,FALSE,FALSE,FALSE,0
BikeSharing,parmsyn,synmc3,parm,R_squared,parmpred,parmpred,1,1,TRUE,TRUE,TRUE,1,1,1,1,FALSE,FALSE,FALSE,0
BikeSharing,parmsyn,synmc4,parm,MAE,parmpred,parmpred,1,1,TRUE,TRUE,TRUE,1,1,1,1,FALSE,FALSE,FALSE,0
BikeSharing,parmsyn,synmc4,parm,RMSE,parmpred,parmpred,1,1,TRUE,TRUE,TRUE,1,1,1,1,FALSE,FALSE,FALSE,0
BikeSharing,parmsyn,synmc4,parm,R_squared,parmpred,parmpred,1,1,TRUE,TRUE,TRUE,1,1,1,1,FALSE,FALSE,FALSE,0
BikeSharing,parmsyn,synmc5,parm,MAE,parmpred,parmpred,1,1,TRUE,TRUE,TRUE,1,1,1,1,FALSE,FALSE,FALSE,0
BikeSharing,parmsyn,synmc5,parm,RMSE,parmpred,parmpred,1,1,TRUE,TRUE,TRUE,1,1,1,1,FALSE,FALSE,FALSE,0
BikeSharing,parmsyn,synmc5,parm,R_squared,parmpred,parmpred,1,1,TRUE,TRUE,TRUE,1,1,1,1,FALSE,FALSE,FALSE,0
BikeSharing,svmsyn,synmc1,svm,MAE,parmpred,svmpred,1,1,FALSE,TRUE,FALSE,2,1,-0.5,-0.33333333333333337,TRUE,TRUE,TRUE,-1
BikeSharing,svmsyn,synmc1,svm,RMSE,parmpred,cartpred,1,1,FALSE,FALSE,FALSE,2,2,-1,-1,TRUE,FALSE,FALSE,0
BikeSharing,svmsyn,synmc1,svm,R_squared,parmpred,cartpred,1,1,FALSE,FALSE,FALSE,2,2,-1,-1,TRUE,FALSE,FALSE,0
BikeSharing,svmsyn,synmc2,svm,MAE,parmpred,svmpred,1,1,FALSE,TRUE,FALSE,2,1,-0.5,-0.33333333333333337,TRUE,TRUE,TRUE,-1
BikeSharing,svmsyn,synmc2,svm,RMSE,parmpred,cartpred,1,1,FALSE,FALSE,FALSE,2,2,-1,-1,TRUE,FALSE,FALSE,0
BikeSharing,svmsyn,synmc2,svm,R_squared,parmpred,cartpred,1,1,FALSE,FALSE,FALSE,2,2,-1,-1,TRUE,FALSE,FALSE,0
BikeSharing,svmsyn,synmc3,svm,MAE,parmpred,svmpred,1,1,FALSE,TRUE,FALSE,2,1,-0.5,-0.33333333333333337,TRUE,TRUE,TRUE,-1
BikeSharing,svmsyn,synmc3,svm,RMSE,parmpred,svmpred,1,1,FALSE,TRUE,FALSE,2,1,-0.5,-0.33333333333333337,TRUE,TRUE,TRUE,-1
BikeSharing,svmsyn,synmc3,svm,R_squared,parmpred,svmpred,1,1,FALSE,TRUE,FALSE,2,1,-0.5,-0.33333333333333337,TRUE,TRUE,TRUE,-1
BikeSharing,svmsyn,synmc4,svm,MAE,parmpred,svmpred,1,1,FALSE,TRUE,FALSE,2,1,-0.5,-0.33333333333333337,TRUE,TRUE,TRUE,-1
BikeSharing,svmsyn,synmc4,svm,RMSE,parmpred,cartpred,1,1,FALSE,FALSE,FALSE,2,2,-1,-1,TRUE,FALSE,FALSE,0
BikeSharing,svmsyn,synmc4,svm,R_squared,parmpred,cartpred,1,1,FALSE,FALSE,FALSE,2,2,-1,-1,TRUE,FALSE,FALSE,0
BikeSharing,svmsyn,synmc5,svm,MAE,parmpred,svmpred,1,1,FALSE,TRUE,FALSE,2,1,-0.5,-0.33333333333333337,TRUE,TRUE,TRUE,-1
BikeSharing,svmsyn,synmc5,svm,RMSE,parmpred,svmpred,1,1,FALSE,TRUE,FALSE,2,1,-0.5,-0.33333333333333337,TRUE,TRUE,TRUE,-1
BikeSharing,svmsyn,synmc5,svm,R_squared,parmpred,svmpred,1,1,FALSE,TRUE,FALSE,2,1,-0.5,-0.33333333333333337,TRUE,TRUE,TRUE,-1
GermanCredit,bnsyn,synmc1,bn,Accuracy,parmpred,bnpred,1,1,FALSE,TRUE,FALSE,2,1,0,0,TRUE,TRUE,TRUE,-1
GermanCredit,bnsyn,synmc1,bn,F1,parmpred,bnpred,1,1,FALSE,TRUE,FALSE,2,1,0.4,0.33333333333333337,TRUE,TRUE,TRUE,-1
GermanCredit,bnsyn,synmc1,bn,Specificity,cartpred,cartpred,1,1,TRUE,FALSE,FALSE,3,2,0.4,0.33333333333333337,FALSE,FALSE,FALSE,-1
GermanCredit,bnsyn,synmc2,bn,Accuracy,parmpred,parmpred,1,1,TRUE,FALSE,FALSE,2,2,0.8,0.6666666666666667,FALSE,FALSE,FALSE,0
GermanCredit,bnsyn,synmc2,bn,F1,parmpred,parmpred,1,1,TRUE,FALSE,FALSE,2,2,1,1,FALSE,FALSE,FALSE,0
GermanCredit,bnsyn,synmc2,bn,Specificity,cartpred,cartpred,1,1,TRUE,FALSE,FALSE,3,2,0.8,0.6666666666666667,FALSE,FALSE,FALSE,-1
GermanCredit,bnsyn,synmc3,bn,Accuracy,parmpred,parmpred,1,1,TRUE,FALSE,FALSE,2,2,0.8,0.6666666666666667,FALSE,FALSE,FALSE,0
GermanCredit,bnsyn,synmc3,bn,F1,parmpred,parmpred,1,1,TRUE,FALSE,FALSE,2,2,1,1,FALSE,FALSE,FALSE,0
GermanCredit,bnsyn,synmc3,bn,Specificity,cartpred,cartpred,1,1,TRUE,FALSE,FALSE,3,2,0.4,0.33333333333333337,FALSE,FALSE,FALSE,-1
GermanCredit,bnsyn,synmc4,bn,Accuracy,parmpred,parmpred,1,1,TRUE,FALSE,FALSE,2,2,0.8,0.6666666666666667,FALSE,FALSE,FALSE,0
GermanCredit,bnsyn,synmc4,bn,F1,parmpred,parmpred,1,1,TRUE,FALSE,FALSE,2,2,1,1,FALSE,FALSE,FALSE,0
GermanCredit,bnsyn,synmc4,bn,Specificity,cartpred,cartpred,1,1,TRUE,FALSE,FALSE,3,2,0.8,0.6666666666666667,FALSE,FALSE,FALSE,-1
GermanCredit,bnsyn,synmc5,bn,Accuracy,parmpred,bnpred,1,1,FALSE,TRUE,FALSE,2,1,0.8,0.6666666666666667,TRUE,TRUE,TRUE,-1
GermanCredit,bnsyn,synmc5,bn,F1,parmpred,parmpred,1,1,TRUE,FALSE,FALSE,2,3,0.8,0.6666666666666667,FALSE,FALSE,FALSE,1
GermanCredit,bnsyn,synmc5,bn,Specificity,cartpred,bnpred,1,1,FALSE,TRUE,FALSE,3,1,0.4,0.33333333333333337,TRUE,TRUE,TRUE,-2
GermanCredit,cartsyn,synmc1,cart,Accuracy,parmpred,bnpred,1,1,FALSE,FALSE,FALSE,3,2,0.4,0.33333333333333337,TRUE,FALSE,FALSE,-1
GermanCredit,cartsyn,synmc1,cart,F1,parmpred,parmpred,1,1,TRUE,FALSE,FALSE,4,4,0.8,0.6666666666666667,FALSE,FALSE,FALSE,0
GermanCredit,cartsyn,synmc1,cart,Specificity,cartpred,bnpred,1,1,FALSE,FALSE,TRUE,1,2,0.4,0.33333333333333337,TRUE,FALSE,FALSE,1
GermanCredit,cartsyn,synmc2,cart,Accuracy,parmpred,cartpred,1,1,FALSE,TRUE,FALSE,3,1,0.2,0,TRUE,TRUE,TRUE,-2
GermanCredit,cartsyn,synmc2,cart,F1,parmpred,parmpred,1,1,TRUE,FALSE,FALSE,4,4,1,1,FALSE,FALSE,FALSE,0
GermanCredit,cartsyn,synmc2,cart,Specificity,cartpred,cartpred,1,1,TRUE,TRUE,TRUE,1,1,0.8,0.6666666666666667,FALSE,FALSE,FALSE,0
GermanCredit,cartsyn,synmc3,cart,Accuracy,parmpred,cartpred,1,1,FALSE,TRUE,FALSE,3,1,0.4,0.33333333333333337,TRUE,TRUE,TRUE,-2
GermanCredit,cartsyn,synmc3,cart,F1,parmpred,svmpred,1,1,FALSE,FALSE,FALSE,4,4,0.4,0.33333333333333337,TRUE,FALSE,FALSE,0
GermanCredit,cartsyn,synmc3,cart,Specificity,cartpred,cartpred,1,1,TRUE,TRUE,TRUE,1,1,0.8,0.6666666666666667,FALSE,FALSE,FALSE,0
GermanCredit,cartsyn,synmc4,cart,Accuracy,parmpred,parmpred,1,1,TRUE,FALSE,FALSE,3,2,0.8,0.6666666666666667,FALSE,FALSE,FALSE,-1
GermanCredit,cartsyn,synmc4,cart,F1,parmpred,parmpred,1,1,TRUE,FALSE,FALSE,4,3,0.4,0.33333333333333337,FALSE,FALSE,FALSE,-1
GermanCredit,cartsyn,synmc4,cart,Specificity,cartpred,bnpred,1,1,FALSE,FALSE,TRUE,1,2,0.4,0.33333333333333337,TRUE,FALSE,FALSE,1
GermanCredit,cartsyn,synmc5,cart,Accuracy,parmpred,cartpred,1,1,FALSE,TRUE,FALSE,3,1,0.4,0.33333333333333337,TRUE,TRUE,TRUE,-2
GermanCredit,cartsyn,synmc5,cart,F1,parmpred,parmpred,1,1,TRUE,FALSE,FALSE,4,4,1,1,FALSE,FALSE,FALSE,0
GermanCredit,cartsyn,synmc5,cart,Specificity,cartpred,cartpred,1,1,TRUE,TRUE,TRUE,1,1,0.8,0.6666666666666667,FALSE,FALSE,FALSE,0
GermanCredit,parmsyn,synmc1,parm,Accuracy,parmpred,parmpred,1,1,TRUE,TRUE,TRUE,1,1,0.8,0.6666666666666667,FALSE,FALSE,FALSE,0
GermanCredit,parmsyn,synmc1,parm,F1,parmpred,parmpred,1,1,TRUE,TRUE,TRUE,1,1,0.8,0.6666666666666667,FALSE,FALSE,FALSE,0
GermanCredit,parmsyn,synmc1,parm,Specificity,cartpred,cartpred,1,1,TRUE,FALSE,FALSE,2,2,1,1,FALSE,FALSE,FALSE,0
GermanCredit,parmsyn,synmc2,parm,Accuracy,parmpred,parmpred,1,1,TRUE,TRUE,TRUE,1,1,1,1,FALSE,FALSE,FALSE,0
GermanCredit,parmsyn,synmc2,parm,F1,parmpred,parmpred,1,1,TRUE,TRUE,TRUE,1,1,0.8,0.6666666666666667,FALSE,FALSE,FALSE,0
GermanCredit,parmsyn,synmc2,parm,Specificity,cartpred,cartpred,1,1,TRUE,FALSE,FALSE,2,3,0.8,0.6666666666666667,FALSE,FALSE,FALSE,1
GermanCredit,parmsyn,synmc3,parm,Accuracy,parmpred,parmpred,1,1,TRUE,TRUE,TRUE,1,1,1,1,FALSE,FALSE,FALSE,0
GermanCredit,parmsyn,synmc3,parm,F1,parmpred,parmpred,1,1,TRUE,TRUE,TRUE,1,1,0.4,0.33333333333333337,FALSE,FALSE,FALSE,0
GermanCredit,parmsyn,synmc3,parm,Specificity,cartpred,bnpred,1,1,FALSE,FALSE,FALSE,2,3,0.4,0.33333333333333337,TRUE,FALSE,FALSE,1
GermanCredit,parmsyn,synmc4,parm,Accuracy,parmpred,parmpred,1,1,TRUE,TRUE,TRUE,1,1,0.8,0.6666666666666667,FALSE,FALSE,FALSE,0
GermanCredit,parmsyn,synmc4,parm,F1,parmpred,parmpred,1,1,TRUE,TRUE,TRUE,1,1,1,1,FALSE,FALSE,FALSE,0
GermanCredit,parmsyn,synmc4,parm,Specificity,cartpred,cartpred,1,1,TRUE,FALSE,FALSE,2,3,0.8,0.6666666666666667,FALSE,FALSE,FALSE,1
GermanCredit,parmsyn,synmc5,parm,Accuracy,parmpred,parmpred,1,1,TRUE,TRUE,TRUE,1,1,0.8,0.6666666666666667,FALSE,FALSE,FALSE,0
GermanCredit,parmsyn,synmc5,parm,F1,parmpred,parmpred,1,1,TRUE,TRUE,TRUE,1,1,0.8,0.6666666666666667,FALSE,FALSE,FALSE,0
GermanCredit,parmsyn,synmc5,parm,Specificity,cartpred,cartpred,1,1,TRUE,FALSE,FALSE,2,2,1,1,FALSE,FALSE,FALSE,0
GermanCredit,svmsyn,synmc1,svm,Accuracy,parmpred,parmpred,1,1,TRUE,FALSE,FALSE,4,2,0.4,0.33333333333333337,FALSE,FALSE,FALSE,-2
GermanCredit,svmsyn,synmc1,svm,F1,parmpred,parmpred,1,1,TRUE,FALSE,FALSE,3,2,0.8,0.6666666666666667,FALSE,FALSE,FALSE,-1
GermanCredit,svmsyn,synmc1,svm,Specificity,cartpred,cartpred,1,1,TRUE,FALSE,FALSE,4,4,0.8,0.6666666666666667,FALSE,FALSE,FALSE,0
GermanCredit,svmsyn,synmc2,svm,Accuracy,parmpred,svmpred,1,1,FALSE,TRUE,FALSE,4,1,-0.2,0,TRUE,TRUE,TRUE,-3
GermanCredit,svmsyn,synmc2,svm,F1,parmpred,svmpred,1,1,FALSE,TRUE,FALSE,3,1,0.4,0.33333333333333337,TRUE,TRUE,TRUE,-2
GermanCredit,svmsyn,synmc2,svm,Specificity,cartpred,cartpred,1,1,TRUE,FALSE,FALSE,4,4,0.8,0.6666666666666667,FALSE,FALSE,FALSE,0
GermanCredit,svmsyn,synmc3,svm,Accuracy,parmpred,bnpred,1,1,FALSE,FALSE,FALSE,4,3,0.6000000000000001,0.33333333333333337,TRUE,FALSE,FALSE,-1
GermanCredit,svmsyn,synmc3,svm,F1,parmpred,bnpred,1,1,FALSE,FALSE,FALSE,3,3,0.8,0.6666666666666667,TRUE,FALSE,FALSE,0
GermanCredit,svmsyn,synmc3,svm,Specificity,cartpred,cartpred,1,1,TRUE,FALSE,FALSE,4,2,0.4,0.33333333333333337,FALSE,FALSE,FALSE,-2
GermanCredit,svmsyn,synmc4,svm,Accuracy,parmpred,svmpred,1,1,FALSE,TRUE,FALSE,4,1,-0.4,-0.33333333333333337,TRUE,TRUE,TRUE,-3
GermanCredit,svmsyn,synmc4,svm,F1,parmpred,svmpred,1,1,FALSE,TRUE,FALSE,3,1,0,0,TRUE,TRUE,TRUE,-2
GermanCredit,svmsyn,synmc4,svm,Specificity,cartpred,bnpred,1,1,FALSE,FALSE,FALSE,4,4,0.4,0.33333333333333337,TRUE,FALSE,FALSE,0
GermanCredit,svmsyn,synmc5,svm,Accuracy,parmpred,parmpred,1,1,TRUE,FALSE,FALSE,4,3,0.8,0.6666666666666667,FALSE,FALSE,FALSE,-1
GermanCredit,svmsyn,synmc5,svm,F1,parmpred,parmpred,1,1,TRUE,FALSE,FALSE,3,2,0.4,0.33333333333333337,FALSE,FALSE,FALSE,-1
GermanCredit,svmsyn,synmc5,svm,Specificity,cartpred,bnpred,1,1,FALSE,FALSE,FALSE,4,4,0.4,0.33333333333333337,TRUE,FALSE,FALSE,0
