dataset,synth_method,synth_seed,Synth_Family,Metric,Prediction_Model,Pred_Family,value_synth,rank_synth,best_synth,value_orig,rank_orig,best_orig
Adult,parmsyn,synmc1,parm,Accuracy,parmpred,parm,0.8738811096880508,1,TRUE,0.8459652063957693,3,FALSE
Adult,parmsyn,synmc1,parm,Specificity,parmpred,parm,0.7913717886572952,1,TRUE,0.5831103276909934,3,FALSE
Adult,parmsyn,synmc1,parm,F1,parmpred,parm,0.905361581913495,1,TRUE,0.9009840986832458,3,FALSE
Adult,parmsyn,synmc1,parm,Accuracy,cartpred,cart,0.8538562277500273,3,FALSE,0.8533916080918345,1,TRUE
Adult,parmsyn,synmc1,parm,Specificity,cartpred,cart,0.759476490547746,3,FALSE,0.5864427709534079,2,FALSE
Adult,parmsyn,synmc1,parm,F1,cartpred,cart,0.8904733964234328,3,FALSE,0.9061066843827918,1,TRUE
Adult,parmsyn,synmc1,parm,Accuracy,bnpred,bn,0.8401747423694703,4,FALSE,0.828332417254344,4,FALSE
Adult,parmsyn,synmc1,parm,Specificity,bnpred,bn,0.7182949997886133,4,FALSE,0.554059938390221,4,FALSE
Adult,parmsyn,synmc1,parm,F1,bnpred,bn,0.8815118506420137,4,FALSE,0.8893809930154937,4,FALSE
Adult,parmsyn,synmc1,parm,Accuracy,svmpred,svm,0.8637026636435062,2,FALSE,0.8468932036487207,2,FALSE
Adult,parmsyn,synmc1,parm,Specificity,svmpred,svm,0.7674260785264179,2,FALSE,0.5958931950381947,1,TRUE
Adult,parmsyn,synmc1,parm,F1,svmpred,svm,0.8981979729011018,2,FALSE,0.9012413092343875,2,FALSE
Adult,parmsyn,synmc2,parm,Accuracy,parmpred,parm,0.8752404656792592,1,TRUE,0.8459652063957693,3,FALSE
Adult,parmsyn,synmc2,parm,Specificity,parmpred,parm,0.7918361618709957,1,TRUE,0.5831103276909934,3,FALSE
Adult,parmsyn,synmc2,parm,F1,parmpred,parm,0.9064585347140883,1,TRUE,0.9009840986832458,3,FALSE
Adult,parmsyn,synmc2,parm,Accuracy,cartpred,cart,0.8531264715154185,3,FALSE,0.8533916080918345,1,TRUE
Adult,parmsyn,synmc2,parm,Specificity,cartpred,cart,0.76245685729774,2,FALSE,0.5864427709534079,2,FALSE
Adult,parmsyn,synmc2,parm,F1,cartpred,cart,0.8897027104787286,3,FALSE,0.9061066843827918,1,TRUE
Adult,parmsyn,synmc2,parm,Accuracy,bnpred,bn,0.835280951244881,4,FALSE,0.828332417254344,4,FALSE
Adult,parmsyn,synmc2,parm,Specificity,bnpred,bn,0.7374763795878031,4,FALSE,0.554059938390221,4,FALSE
Adult,parmsyn,synmc2,parm,F1,bnpred,bn,0.8762047756043492,4,FALSE,0.8893809930154937,4,FALSE
Adult,parmsyn,synmc2,parm,Accuracy,svmpred,svm,0.8535565717026733,2,FALSE,0.8468932036487207,2,FALSE
Adult,parmsyn,synmc2,parm,Specificity,svmpred,svm,0.7477225871939812,3,FALSE,0.5958931950381947,1,TRUE
Adult,parmsyn,synmc2,parm,F1,svmpred,svm,0.8909991740167881,2,FALSE,0.9012413092343875,2,FALSE
Adult,parmsyn,synmc3,parm,Accuracy,parmpred,parm,0.8770640401311794,1,TRUE,0.8459652063957693,3,FALSE
Adult,parmsyn,synmc3,parm,Specificity,parmpred,parm,0.7952317408605666,2,FALSE,0.5831103276909934,3,FALSE
Adult,parmsyn,synmc3,parm,F1,parmpred,parm,0.9077772263240023,1,TRUE,0.9009840986832458,3,FALSE
Adult,parmsyn,synmc3,parm,Accuracy,cartpred,cart,0.8583981679454424,2,FALSE,0.8533916080918345,1,TRUE
Adult,parmsyn,synmc3,parm,Specificity,cartpred,cart,0.7789517786620673,3,FALSE,0.5864427709534079,2,FALSE
Adult,parmsyn,synmc3,parm,F1,cartpred,cart,0.8931663025401574,2,FALSE,0.9061066843827918,1,TRUE
Adult,parmsyn,synmc3,parm,Accuracy,bnpred,bn,0.843236919006085,3,FALSE,0.828332417254344,4,FALSE
Adult,parmsyn,synmc3,parm,Specificity,bnpred,bn,0.8908693779065251,1,TRUE,0.554059938390221,4,FALSE
Adult,parmsyn,synmc3,parm,F1,bnpred,bn,0.7664199138969003,4,FALSE,0.8893809930154937,4,FALSE
Adult,parmsyn,synmc3,parm,Accuracy,svmpred,svm,0.8145350494912815,4,FALSE,0.8468932036487207,2,FALSE
Adult,parmsyn,synmc3,parm,Specificity,svmpred,svm,0.6753554224111045,4,FALSE,0.5958931950381947,1,TRUE
Adult,parmsyn,synmc3,parm,F1,svmpred,svm,0.8628608353149204,3,FALSE,0.9012413092343875,2,FALSE
Adult,parmsyn,synmc4,parm,Accuracy,parmpred,parm,0.8768982026792517,1,TRUE,0.8459652063957693,3,FALSE
Adult,parmsyn,synmc4,parm,Specificity,parmpred,parm,0.7919725893294175,1,TRUE,0.5831103276909934,3,FALSE
Adult,parmsyn,synmc4,parm,F1,parmpred,parm,0.9081613839996087,1,TRUE,0.9009840986832458,3,FALSE
Adult,parmsyn,synmc4,parm,Accuracy,cartpred,cart,0.8577018924650057,2,FALSE,0.8533916080918345,1,TRUE
Adult,parmsyn,synmc4,parm,Specificity,cartpred,cart,0.7601566324033284,2,FALSE,0.5864427709534079,2,FALSE
Adult,parmsyn,synmc4,parm,F1,cartpred,cart,0.8940226150555822,2,FALSE,0.9061066843827918,1,TRUE
Adult,parmsyn,synmc4,parm,Accuracy,bnpred,bn,0.8443049858268679,3,FALSE,0.828332417254344,4,FALSE
Adult,parmsyn,synmc4,parm,Specificity,bnpred,bn,0.7275395036867599,3,FALSE,0.554059938390221,4,FALSE
Adult,parmsyn,synmc4,parm,F1,bnpred,bn,0.88479605754637,3,FALSE,0.8893809930154937,4,FALSE
Adult,parmsyn,synmc4,parm,Accuracy,svmpred,svm,0.8114846626050093,4,FALSE,0.8468932036487207,2,FALSE
Adult,parmsyn,synmc4,parm,Specificity,svmpred,svm,0.6559960841899167,4,FALSE,0.5958931950381947,1,TRUE
Adult,parmsyn,synmc4,parm,F1,svmpred,svm,0.862118258156868,4,FALSE,0.9012413092343875,2,FALSE
Adult,parmsyn,synmc5,parm,Accuracy,parmpred,parm,0.8749419582657892,1,TRUE,0.8459652063957693,3,FALSE
Adult,parmsyn,synmc5,parm,Specificity,parmpred,parm,0.7887261931103582,1,TRUE,0.5831103276909934,3,FALSE
Adult,parmsyn,synmc5,parm,F1,parmpred,parm,0.9067061254735663,1,TRUE,0.9009840986832458,3,FALSE
Adult,parmsyn,synmc5,parm,Accuracy,cartpred,cart,0.8554139181891287,2,FALSE,0.8533916080918345,1,TRUE
Adult,parmsyn,synmc5,parm,Specificity,cartpred,cart,0.7566300086304913,2,FALSE,0.5864427709534079,2,FALSE
Adult,parmsyn,synmc5,parm,F1,cartpred,cart,0.8923043322350817,2,FALSE,0.9061066843827918,1,TRUE
Adult,parmsyn,synmc5,parm,Accuracy,bnpred,bn,0.840279699244974,4,FALSE,0.828332417254344,4,FALSE
Adult,parmsyn,synmc5,parm,Specificity,bnpred,bn,0.7220435633871757,4,FALSE,0.554059938390221,4,FALSE
Adult,parmsyn,synmc5,parm,F1,bnpred,bn,0.8817626190890547,4,FALSE,0.8893809930154937,4,FALSE
Adult,parmsyn,synmc5,parm,Accuracy,svmpred,svm,0.8528273210868077,3,FALSE,0.8468932036487207,2,FALSE
Adult,parmsyn,synmc5,parm,Specificity,svmpred,svm,0.7472367580387616,3,FALSE,0.5958931950381947,1,TRUE
Adult,parmsyn,synmc5,parm,F1,svmpred,svm,0.8907668575800333,3,FALSE,0.9012413092343875,2,FALSE
Adult,cartsyn,synmc1,cart,Accuracy,parmpred,parm,0.8423182058800383,3,FALSE,0.8459652063957693,3,FALSE
Adult,cartsyn,synmc1,cart,Specificity,parmpred,parm,0.5627659574468085,4,FALSE,0.5831103276909934,3,FALSE
Adult,cartsyn,synmc1,cart,F1,parmpred,parm,0.8990313831659067,2,FALSE,0.9009840986832458,3,FALSE
Adult,cartsyn,synmc1,cart,Accuracy,cartpred,cart,0.8517341403887813,1,TRUE,0.8533916080918345,1,TRUE
Adult,cartsyn,synmc1,cart,Specificity,cartpred,cart,0.5929521276595745,1,TRUE,0.5864427709534079,2,FALSE
Adult,cartsyn,synmc1,cart,F1,cartpred,cart,0.9047164816210161,1,TRUE,0.9061066843827918,1,TRUE
Adult,cartsyn,synmc1,cart,Accuracy,bnpred,bn,0.8250912609132948,4,FALSE,0.828332417254344,4,FALSE
Adult,cartsyn,synmc1,cart,Specificity,bnpred,bn,0.5792851479504165,3,FALSE,0.554059938390221,4,FALSE
Adult,cartsyn,synmc1,cart,F1,bnpred,bn,0.8861201608427188,4,FALSE,0.8893809930154937,4,FALSE
Adult,cartsyn,synmc1,cart,Accuracy,svmpred,svm,0.8428482482069221,2,FALSE,0.8468932036487207,2,FALSE
Adult,cartsyn,synmc1,cart,Specificity,svmpred,svm,0.5821808510638298,2,FALSE,0.5958931950381947,1,TRUE
Adult,cartsyn,synmc1,cart,F1,svmpred,svm,0.898790850030679,3,FALSE,0.9012413092343875,2,FALSE
Adult,cartsyn,synmc2,cart,Accuracy,parmpred,parm,0.8411248065382266,3,FALSE,0.8459652063957693,3,FALSE
Adult,cartsyn,synmc2,cart,Specificity,parmpred,parm,0.568405615297357,3,FALSE,0.5831103276909934,3,FALSE
Adult,cartsyn,synmc2,cart,F1,parmpred,parm,0.8977854404030999,3,FALSE,0.9009840986832458,3,FALSE
Adult,cartsyn,synmc2,cart,Accuracy,cartpred,cart,0.8491480417453727,2,FALSE,0.8533916080918345,1,TRUE
Adult,cartsyn,synmc2,cart,Specificity,cartpred,cart,0.5605190063594997,4,FALSE,0.5864427709534079,2,FALSE
Adult,cartsyn,synmc2,cart,F1,cartpred,cart,0.9036922814925309,2,FALSE,0.9061066843827918,1,TRUE
Adult,cartsyn,synmc2,cart,Accuracy,bnpred,bn,0.8242435516640648,4,FALSE,0.828332417254344,4,FALSE
Adult,cartsyn,synmc2,cart,Specificity,bnpred,bn,0.5840560916009467,2,FALSE,0.554059938390221,4,FALSE
Adult,cartsyn,synmc2,cart,F1,bnpred,bn,0.885069492324566,4,FALSE,0.8893809930154937,4,FALSE
Adult,cartsyn,synmc2,cart,Accuracy,svmpred,svm,0.8523306314800634,1,TRUE,0.8468932036487207,2,FALSE
Adult,cartsyn,synmc2,cart,Specificity,svmpred,svm,0.6233390440102257,1,TRUE,0.5958931950381947,1,TRUE
Adult,cartsyn,synmc2,cart,F1,svmpred,svm,0.9039724990412674,1,TRUE,0.9012413092343875,2,FALSE
Adult,cartsyn,synmc3,cart,Accuracy,parmpred,parm,0.844406739352335,3,FALSE,0.8459652063957693,3,FALSE
Adult,cartsyn,synmc3,cart,Specificity,parmpred,parm,0.5685111406615495,4,FALSE,0.5831103276909934,3,FALSE
Adult,cartsyn,synmc3,cart,F1,parmpred,parm,0.9002573814487991,3,FALSE,0.9009840986832458,3,FALSE
Adult,cartsyn,synmc3,cart,Accuracy,cartpred,cart,0.8541873789463597,1,TRUE,0.8533916080918345,1,TRUE
Adult,cartsyn,synmc3,cart,Specificity,cartpred,cart,0.586537112863657,2,FALSE,0.5864427709534079,2,FALSE
Adult,cartsyn,synmc3,cart,F1,cartpred,cart,0.906572301356275,1,TRUE,0.9061066843827918,1,TRUE
Adult,cartsyn,synmc3,cart,Accuracy,bnpred,bn,0.8289927337229097,4,FALSE,0.828332417254344,4,FALSE
Adult,cartsyn,synmc3,cart,Specificity,bnpred,bn,0.9063586357268526,1,TRUE,0.554059938390221,4,FALSE
Adult,cartsyn,synmc3,cart,F1,bnpred,bn,0.6362876966590851,4,FALSE,0.8893809930154937,4,FALSE
Adult,cartsyn,synmc3,cart,Accuracy,svmpred,svm,0.8452028799666611,2,FALSE,0.8468932036487207,2,FALSE
Adult,cartsyn,synmc3,cart,Specificity,svmpred,svm,0.5716923184952097,3,FALSE,0.5958931950381947,1,TRUE
Adult,cartsyn,synmc3,cart,F1,svmpred,svm,0.9007150391826879,2,FALSE,0.9012413092343875,2,FALSE
Adult,cartsyn,synmc4,cart,Accuracy,parmpred,parm,0.8442079102591944,3,FALSE,0.8459652063957693,3,FALSE
Adult,cartsyn,synmc4,cart,Specificity,parmpred,parm,0.5746235890402949,4,FALSE,0.5831103276909934,3,FALSE
Adult,cartsyn,synmc4,cart,F1,parmpred,parm,0.9000040033781973,3,FALSE,0.9009840986832458,3,FALSE
Adult,cartsyn,synmc4,cart,Accuracy,cartpred,cart,0.8554139605893746,1,TRUE,0.8533916080918345,1,TRUE
Adult,cartsyn,synmc4,cart,Specificity,cartpred,cart,0.6028459725023987,1,TRUE,0.5864427709534079,2,FALSE
Adult,cartsyn,synmc4,cart,F1,cartpred,cart,0.9070287707050908,1,TRUE,0.9061066843827918,1,TRUE
Adult,cartsyn,synmc4,cart,Accuracy,bnpred,bn,0.8290739977010079,4,FALSE,0.828332417254344,4,FALSE
Adult,cartsyn,synmc4,cart,Specificity,bnpred,bn,0.5750978193146418,3,FALSE,0.554059938390221,4,FALSE
Adult,cartsyn,synmc4,cart,F1,bnpred,bn,0.8891683271110682,4,FALSE,0.8893809930154937,4,FALSE
Adult,cartsyn,synmc4,cart,Accuracy,svmpred,svm,0.8479544077811939,2,FALSE,0.8468932036487207,2,FALSE
Adult,cartsyn,synmc4,cart,Specificity,svmpred,svm,0.587136955560694,2,FALSE,0.5958931950381947,1,TRUE
Adult,cartsyn,synmc4,cart,F1,svmpred,svm,0.9022671194395548,2,FALSE,0.9012413092343875,2,FALSE
Adult,cartsyn,synmc5,cart,Accuracy,parmpred,parm,0.8457994129106888,3,FALSE,0.8459652063957693,3,FALSE
Adult,cartsyn,synmc5,cart,Specificity,parmpred,parm,0.5697289044696064,4,FALSE,0.5831103276909934,3,FALSE
Adult,cartsyn,synmc5,cart,F1,parmpred,parm,0.9013769141540972,3,FALSE,0.9009840986832458,3,FALSE
Adult,cartsyn,synmc5,cart,Accuracy,cartpred,cart,0.8529607329888971,2,FALSE,0.8533916080918345,1,TRUE
Adult,cartsyn,synmc5,cart,Specificity,cartpred,cart,0.5918060648390664,2,FALSE,0.5864427709534079,2,FALSE
Adult,cartsyn,synmc5,cart,F1,cartpred,cart,0.9057198656360619,2,FALSE,0.9061066843827918,1,TRUE
Adult,cartsyn,synmc5,cart,Accuracy,bnpred,bn,0.8300034959920963,4,FALSE,0.828332417254344,4,FALSE
Adult,cartsyn,synmc5,cart,Specificity,bnpred,bn,0.5863961865469209,3,FALSE,0.554059938390221,4,FALSE
Adult,cartsyn,synmc5,cart,F1,bnpred,bn,0.8895524632221044,4,FALSE,0.8893809930154937,4,FALSE
Adult,cartsyn,synmc5,cart,Accuracy,svmpred,svm,0.8585638295299812,1,TRUE,0.8468932036487207,2,FALSE
Adult,cartsyn,synmc5,cart,Specificity,svmpred,svm,0.6205863364270907,1,TRUE,0.5958931950381947,1,TRUE
Adult,cartsyn,synmc5,cart,F1,svmpred,svm,0.9088143757782483,1,TRUE,0.9012413092343875,2,FALSE
Adult,bnsyn,synmc1,bn,Accuracy,parmpred,parm,0.8389693995139905,2,FALSE,0.8459652063957693,3,FALSE
Adult,bnsyn,synmc1,bn,Specificity,parmpred,parm,0.5660464265898894,2,FALSE,0.5831103276909934,3,FALSE
Adult,bnsyn,synmc1,bn,F1,parmpred,parm,0.8967748950157243,1,TRUE,0.9009840986832458,3,FALSE
Adult,bnsyn,synmc1,bn,Accuracy,cartpred,cart,0.8316424013636757,3,FALSE,0.8533916080918345,1,TRUE
Adult,bnsyn,synmc1,bn,Specificity,cartpred,cart,0.5421052441029977,3,FALSE,0.5864427709534079,2,FALSE
Adult,bnsyn,synmc1,bn,F1,cartpred,cart,0.8923751862543876,2,FALSE,0.9061066843827918,1,TRUE
Adult,bnsyn,synmc1,bn,Accuracy,bnpred,bn,0.8391906397578389,1,TRUE,0.828332417254344,4,FALSE
Adult,bnsyn,synmc1,bn,Specificity,bnpred,bn,0.9248410029655401,1,TRUE,0.554059938390221,4,FALSE
Adult,bnsyn,synmc1,bn,F1,bnpred,bn,0.6390348313591482,4,FALSE,0.8893809930154937,4,FALSE
Adult,bnsyn,synmc1,bn,Accuracy,svmpred,svm,0.8295866984459038,4,FALSE,0.8468932036487207,2,FALSE
Adult,bnsyn,synmc1,bn,Specificity,svmpred,svm,0.5090129710971987,4,FALSE,0.5958931950381947,1,TRUE
Adult,bnsyn,synmc1,bn,F1,svmpred,svm,0.8920512029250812,3,FALSE,0.9012413092343875,2,FALSE
Adult,bnsyn,synmc2,bn,Accuracy,parmpred,parm,0.8398979243691087,2,FALSE,0.8459652063957693,3,FALSE
Adult,bnsyn,synmc2,bn,Specificity,parmpred,parm,0.5783235606669508,2,FALSE,0.5831103276909934,3,FALSE
Adult,bnsyn,synmc2,bn,F1,parmpred,parm,0.8969677606045897,1,TRUE,0.9009840986832458,3,FALSE
Adult,bnsyn,synmc2,bn,Accuracy,cartpred,cart,0.8329354883243839,3,FALSE,0.8533916080918345,1,TRUE
Adult,bnsyn,synmc2,bn,Specificity,cartpred,cart,0.5400989493709352,3,FALSE,0.5864427709534079,2,FALSE
Adult,bnsyn,synmc2,bn,F1,cartpred,cart,0.8933057496151893,2,FALSE,0.9061066843827918,1,TRUE
Adult,bnsyn,synmc2,bn,Accuracy,bnpred,bn,0.841933598294077,1,TRUE,0.828332417254344,4,FALSE
Adult,bnsyn,synmc2,bn,Specificity,bnpred,bn,0.9204740764718908,1,TRUE,0.554059938390221,4,FALSE
Adult,bnsyn,synmc2,bn,F1,bnpred,bn,0.6536105171156624,4,FALSE,0.8893809930154937,4,FALSE
Adult,bnsyn,synmc2,bn,Accuracy,svmpred,svm,0.8293547898142885,4,FALSE,0.8468932036487207,2,FALSE
Adult,bnsyn,synmc2,bn,Specificity,svmpred,svm,0.5175711103079603,4,FALSE,0.5958931950381947,1,TRUE
Adult,bnsyn,synmc2,bn,F1,svmpred,svm,0.8915443037736674,3,FALSE,0.9012413092343875,2,FALSE
Adult,bnsyn,synmc3,bn,Accuracy,parmpred,parm,0.84321304113846,2,FALSE,0.8459652063957693,3,FALSE
Adult,bnsyn,synmc3,bn,Specificity,parmpred,parm,0.5961311530016086,2,FALSE,0.5831103276909934,3,FALSE
Adult,bnsyn,synmc3,bn,F1,parmpred,parm,0.8984996662925873,2,FALSE,0.9009840986832458,3,FALSE
Adult,bnsyn,synmc3,bn,Accuracy,cartpred,cart,0.8371127619929468,4,FALSE,0.8533916080918345,1,TRUE
Adult,bnsyn,synmc3,bn,Specificity,cartpred,cart,0.5709719890778879,3,FALSE,0.5864427709534079,2,FALSE
Adult,bnsyn,synmc3,bn,F1,cartpred,cart,0.8949950542792374,4,FALSE,0.9061066843827918,1,TRUE
Adult,bnsyn,synmc3,bn,Accuracy,bnpred,bn,0.8447229341336165,1,TRUE,0.828332417254344,4,FALSE
Adult,bnsyn,synmc3,bn,Specificity,bnpred,bn,0.6082525931171366,1,TRUE,0.554059938390221,4,FALSE
Adult,bnsyn,synmc3,bn,F1,bnpred,bn,0.8991679772541988,1,TRUE,0.8893809930154937,4,FALSE
Adult,bnsyn,synmc3,bn,Accuracy,svmpred,svm,0.8400634540531058,3,FALSE,0.8468932036487207,2,FALSE
Adult,bnsyn,synmc3,bn,Specificity,svmpred,svm,0.556805326063613,4,FALSE,0.5958931950381947,1,TRUE
Adult,bnsyn,synmc3,bn,F1,svmpred,svm,0.897556375923363,3,FALSE,0.9012413092343875,2,FALSE
Adult,bnsyn,synmc4,bn,Accuracy,parmpred,parm,0.8414562468316391,2,FALSE,0.8459652063957693,3,FALSE
Adult,bnsyn,synmc4,bn,Specificity,parmpred,parm,0.5820239680426098,2,FALSE,0.5831103276909934,3,FALSE
Adult,bnsyn,synmc4,bn,F1,parmpred,parm,0.8978204196811261,2,FALSE,0.9009840986832458,3,FALSE
Adult,bnsyn,synmc4,bn,Accuracy,cartpred,cart,0.8321730152595737,3,FALSE,0.8533916080918345,1,TRUE
Adult,bnsyn,synmc4,bn,Specificity,cartpred,cart,0.5300932090545939,3,FALSE,0.5864427709534079,2,FALSE
Adult,bnsyn,synmc4,bn,F1,cartpred,cart,0.8929825941915779,3,FALSE,0.9061066843827918,1,TRUE
Adult,bnsyn,synmc4,bn,Accuracy,bnpred,bn,0.8422995881044515,1,TRUE,0.828332417254344,4,FALSE
Adult,bnsyn,synmc4,bn,Specificity,bnpred,bn,0.5986655610743244,1,TRUE,0.554059938390221,4,FALSE
Adult,bnsyn,synmc4,bn,F1,bnpred,bn,0.897854172474019,1,TRUE,0.8893809930154937,4,FALSE
Adult,bnsyn,synmc4,bn,Accuracy,svmpred,svm,0.8296533356987497,4,FALSE,0.8468932036487207,2,FALSE
Adult,bnsyn,synmc4,bn,Specificity,svmpred,svm,0.5034620505992011,4,FALSE,0.5958931950381947,1,TRUE
Adult,bnsyn,synmc4,bn,F1,svmpred,svm,0.8921192344893114,4,FALSE,0.9012413092343875,2,FALSE
Adult,bnsyn,synmc5,bn,Accuracy,parmpred,parm,0.8405613054387717,2,FALSE,0.8459652063957693,3,FALSE
Adult,bnsyn,synmc5,bn,Specificity,parmpred,parm,0.5635276270972052,2,FALSE,0.5831103276909934,3,FALSE
Adult,bnsyn,synmc5,bn,F1,parmpred,parm,0.8980264302889291,2,FALSE,0.9009840986832458,3,FALSE
Adult,bnsyn,synmc5,bn,Accuracy,cartpred,cart,0.832935755813368,3,FALSE,0.8533916080918345,1,TRUE
Adult,bnsyn,synmc5,bn,Specificity,cartpred,cart,0.5097114121992569,3,FALSE,0.5864427709534079,2,FALSE
Adult,bnsyn,synmc5,bn,F1,cartpred,cart,0.8944162253421739,3,FALSE,0.9061066843827918,1,TRUE
Adult,bnsyn,synmc5,bn,Accuracy,bnpred,bn,0.8423446000215017,1,TRUE,0.828332417254344,4,FALSE
Adult,bnsyn,synmc5,bn,Specificity,bnpred,bn,0.5766046603518243,1,TRUE,0.554059938390221,4,FALSE
Adult,bnsyn,synmc5,bn,F1,bnpred,bn,0.8988591335873964,1,TRUE,0.8893809930154937,4,FALSE
Adult,bnsyn,synmc5,bn,Accuracy,svmpred,svm,0.8302833128195332,4,FALSE,0.8468932036487207,2,FALSE
Adult,bnsyn,synmc5,bn,Specificity,svmpred,svm,0.5047211628323883,4,FALSE,0.5958931950381947,1,TRUE
Adult,bnsyn,synmc5,bn,F1,svmpred,svm,0.892728071311921,4,FALSE,0.9012413092343875,2,FALSE
Adult,svmsyn,synmc1,svm,Accuracy,parmpred,parm,0.8293878803626913,3,FALSE,0.8459652063957693,3,FALSE
Adult,svmsyn,synmc1,svm,Specificity,parmpred,parm,0.439228045929226,4,FALSE,0.5831103276909934,3,FALSE
Adult,svmsyn,synmc1,svm,F1,parmpred,parm,0.894461277276361,3,FALSE,0.9009840986832458,3,FALSE
Adult,svmsyn,synmc1,svm,Accuracy,cartpred,cart,0.8456998444892613,1,TRUE,0.8533916080918345,1,TRUE
Adult,svmsyn,synmc1,svm,Specificity,cartpred,cart,0.5547498059440577,1,TRUE,0.5864427709534079,2,FALSE
Adult,svmsyn,synmc1,svm,F1,cartpred,cart,0.9021471541575272,1,TRUE,0.9061066843827918,1,TRUE
Adult,svmsyn,synmc1,svm,Accuracy,bnpred,bn,0.818309766788077,4,FALSE,0.828332417254344,4,FALSE
Adult,svmsyn,synmc1,svm,Specificity,bnpred,bn,0.4896827766782912,3,FALSE,0.554059938390221,4,FALSE
Adult,svmsyn,synmc1,svm,F1,bnpred,bn,0.8851464510626597,4,FALSE,0.8893809930154937,4,FALSE
Adult,svmsyn,synmc1,svm,Accuracy,svmpred,svm,0.8353223880065476,2,FALSE,0.8468932036487207,2,FALSE
Adult,svmsyn,synmc1,svm,Specificity,svmpred,svm,0.5102658168467712,2,FALSE,0.5958931950381947,1,TRUE
Adult,svmsyn,synmc1,svm,F1,svmpred,svm,0.8963084744951549,2,FALSE,0.9012413092343875,2,FALSE
Adult,svmsyn,synmc2,svm,Accuracy,parmpred,parm,0.8265035782418625,3,FALSE,0.8459652063957693,3,FALSE
Adult,svmsyn,synmc2,svm,Specificity,parmpred,parm,0.4425481550373699,4,FALSE,0.5831103276909934,3,FALSE
Adult,svmsyn,synmc2,svm,F1,parmpred,parm,0.8923537030480357,3,FALSE,0.9009840986832458,3,FALSE
Adult,svmsyn,synmc2,svm,Accuracy,cartpred,cart,0.838737490882375,1,TRUE,0.8533916080918345,1,TRUE
Adult,svmsyn,synmc2,svm,Specificity,cartpred,cart,0.5547203515495146,1,TRUE,0.5864427709534079,2,FALSE
Adult,svmsyn,synmc2,svm,F1,cartpred,cart,0.8972540163006069,1,TRUE,0.9061066843827918,1,TRUE
Adult,svmsyn,synmc2,svm,Accuracy,bnpred,bn,0.809872065892698,4,FALSE,0.828332417254344,4,FALSE
Adult,svmsyn,synmc2,svm,Specificity,bnpred,bn,0.47997289958504724,3,FALSE,0.554059938390221,4,FALSE
Adult,svmsyn,synmc2,svm,F1,bnpred,bn,0.8794683003315962,4,FALSE,0.8893809930154937,4,FALSE
Adult,svmsyn,synmc2,svm,Accuracy,svmpred,svm,0.8306145004420866,2,FALSE,0.8468932036487207,2,FALSE
Adult,svmsyn,synmc2,svm,Specificity,svmpred,svm,0.5029386992070339,2,FALSE,0.5958931950381947,1,TRUE
Adult,svmsyn,synmc2,svm,F1,svmpred,svm,0.8932267466633124,2,FALSE,0.9012413092343875,2,FALSE
Adult,svmsyn,synmc3,svm,Accuracy,parmpred,parm,0.8267025392173285,3,FALSE,0.8459652063957693,3,FALSE
Adult,svmsyn,synmc3,svm,Specificity,parmpred,parm,0.4290420087795256,4,FALSE,0.5831103276909934,3,FALSE
Adult,svmsyn,synmc3,svm,F1,parmpred,parm,0.8929743889420083,3,FALSE,0.9009840986832458,3,FALSE
Adult,svmsyn,synmc3,svm,Accuracy,cartpred,cart,0.8365161043966408,1,TRUE,0.8533916080918345,1,TRUE
Adult,svmsyn,synmc3,svm,Specificity,cartpred,cart,0.5610865250547428,2,FALSE,0.5864427709534079,2,FALSE
Adult,svmsyn,synmc3,svm,F1,cartpred,cart,0.895547719295714,1,TRUE,0.9061066843827918,1,TRUE
Adult,svmsyn,synmc3,svm,Accuracy,bnpred,bn,0.8098744760950825,4,FALSE,0.828332417254344,4,FALSE
Adult,svmsyn,synmc3,svm,Specificity,bnpred,bn,0.9229463847443458,1,TRUE,0.554059938390221,4,FALSE
Adult,svmsyn,synmc3,svm,F1,bnpred,bn,0.5343778380969184,4,FALSE,0.8893809930154937,4,FALSE
Adult,svmsyn,synmc3,svm,Accuracy,svmpred,svm,0.8315762147710141,2,FALSE,0.8468932036487207,2,FALSE
Adult,svmsyn,synmc3,svm,Specificity,svmpred,svm,0.49540640328089874,3,FALSE,0.5958931950381947,1,TRUE
Adult,svmsyn,synmc3,svm,F1,svmpred,svm,0.8942079703471445,2,FALSE,0.9012413092343875,2,FALSE
Adult,svmsyn,synmc4,svm,Accuracy,parmpred,parm,0.8255753226836836,3,FALSE,0.8459652063957693,3,FALSE
Adult,svmsyn,synmc4,svm,Specificity,parmpred,parm,0.44117377486604337,4,FALSE,0.5831103276909934,3,FALSE
Adult,svmsyn,synmc4,svm,F1,parmpred,parm,0.8915255167381352,3,FALSE,0.9009840986832458,3,FALSE
Adult,svmsyn,synmc4,svm,Accuracy,cartpred,cart,0.837212346901942,1,TRUE,0.8533916080918345,1,TRUE
Adult,svmsyn,synmc4,svm,Specificity,cartpred,cart,0.548340184827646,1,TRUE,0.5864427709534079,2,FALSE
Adult,svmsyn,synmc4,svm,F1,cartpred,cart,0.8961030044380456,1,TRUE,0.9061066843827918,1,TRUE
Adult,svmsyn,synmc4,svm,Accuracy,bnpred,bn,0.8102506994284425,4,FALSE,0.828332417254344,4,FALSE
Adult,svmsyn,synmc4,svm,Specificity,bnpred,bn,0.4612807077383274,3,FALSE,0.554059938390221,4,FALSE
Adult,svmsyn,synmc4,svm,F1,bnpred,bn,0.8801701389787898,4,FALSE,0.8893809930154937,4,FALSE
Adult,svmsyn,synmc4,svm,Accuracy,svmpred,svm,0.8312778062829503,2,FALSE,0.8468932036487207,2,FALSE
Adult,svmsyn,synmc4,svm,Specificity,svmpred,svm,0.4989932461259229,2,FALSE,0.5958931950381947,1,TRUE
Adult,svmsyn,synmc4,svm,F1,svmpred,svm,0.8935610257057071,2,FALSE,0.9012413092343875,2,FALSE
Adult,svmsyn,synmc5,svm,Accuracy,parmpred,parm,0.8291222326716763,3,FALSE,0.8459652063957693,3,FALSE
Adult,svmsyn,synmc5,svm,Specificity,parmpred,parm,0.4469740280726389,4,FALSE,0.5831103276909934,3,FALSE
Adult,svmsyn,synmc5,svm,F1,parmpred,parm,0.893968906336502,3,FALSE,0.9009840986832458,3,FALSE
Adult,svmsyn,synmc5,svm,Accuracy,cartpred,cart,0.8391682121013472,1,TRUE,0.8533916080918345,1,TRUE
Adult,svmsyn,synmc5,svm,Specificity,cartpred,cart,0.5438928915709644,1,TRUE,0.5864427709534079,2,FALSE
Adult,svmsyn,synmc5,svm,F1,cartpred,cart,0.8978499088013521,1,TRUE,0.9061066843827918,1,TRUE
Adult,svmsyn,synmc5,svm,Accuracy,bnpred,bn,0.8063991479030648,4,FALSE,0.828332417254344,4,FALSE
Adult,svmsyn,synmc5,svm,Specificity,bnpred,bn,0.4669950580263163,3,FALSE,0.554059938390221,4,FALSE
Adult,svmsyn,synmc5,svm,F1,bnpred,bn,0.8774670795111352,4,FALSE,0.8893809930154937,4,FALSE
Adult,svmsyn,synmc5,svm,Accuracy,svmpred,svm,0.8339959576880649,2,FALSE,0.8468932036487207,2,FALSE
Adult,svmsyn,synmc5,svm,Specificity,svmpred,svm,0.5073603844060707,2,FALSE,0.5958931950381947,1,TRUE
Adult,svmsyn,synmc5,svm,F1,svmpred,svm,0.8954048854714391,2,FALSE,0.9012413092343875,2,FALSE
BankMarketing,parmsyn,synmc1,parm,Accuracy,parmpred,parm,0.8984737655015342,1,TRUE,0.9002442184520608,1,TRUE
BankMarketing,parmsyn,synmc1,parm,Specificity,parmpred,parm,0.23514652014652015,1,TRUE,0.2802197802197802,2,FALSE
BankMarketing,parmsyn,synmc1,parm,F1,parmpred,parm,0.9449260506846566,1,TRUE,0.945651151223194,1,TRUE
BankMarketing,parmsyn,synmc1,parm,Accuracy,cartpred,cart,0.891618292518314,3,FALSE,0.896041167554882,2,FALSE
BankMarketing,parmsyn,synmc1,parm,Specificity,cartpred,cart,0.18371794871794872,2,FALSE,0.3704761904761905,1,TRUE
BankMarketing,parmsyn,synmc1,parm,F1,cartpred,cart,0.9413892459867789,3,FALSE,0.9425544705259774,2,FALSE
BankMarketing,parmsyn,synmc1,parm,Accuracy,bnpred,bn,0.8924456889823362,2,FALSE,0.8936463733665547,4,FALSE
BankMarketing,parmsyn,synmc1,parm,Specificity,bnpred,bn,0.14767826025107578,3,FALSE,0.20259462688350283,4,FALSE
BankMarketing,parmsyn,synmc1,parm,F1,bnpred,bn,0.942117083879493,2,FALSE,0.9424278635035274,3,FALSE
BankMarketing,parmsyn,synmc1,parm,Accuracy,svmpred,svm,0.8889609768424044,4,FALSE,0.894050506038234,3,FALSE
BankMarketing,parmsyn,synmc1,parm,Specificity,svmpred,svm,0.10891941391941393,4,FALSE,0.27263736263736266,3,FALSE
BankMarketing,parmsyn,synmc1,parm,F1,svmpred,svm,0.9404215120642896,4,FALSE,0.9421544885658606,4,FALSE
BankMarketing,parmsyn,synmc2,parm,Accuracy,parmpred,parm,0.8905111719552145,1,TRUE,0.9002442184520608,1,TRUE
BankMarketing,parmsyn,synmc2,parm,Specificity,parmpred,parm,0.21374478732276897,1,TRUE,0.2802197802197802,2,FALSE
BankMarketing,parmsyn,synmc2,parm,F1,parmpred,parm,0.9404535692139274,1,TRUE,0.945651151223194,1,TRUE
BankMarketing,parmsyn,synmc2,parm,Accuracy,cartpred,cart,0.8889629883146727,2,FALSE,0.896041167554882,2,FALSE
BankMarketing,parmsyn,synmc2,parm,Specificity,cartpred,cart,0.1716930775646372,2,FALSE,0.3704761904761905,1,TRUE
BankMarketing,parmsyn,synmc2,parm,F1,cartpred,cart,0.9399067512013061,2,FALSE,0.9425544705259774,2,FALSE
BankMarketing,parmsyn,synmc2,parm,Accuracy,bnpred,bn,0.8888110925240102,3,FALSE,0.8936463733665547,4,FALSE
BankMarketing,parmsyn,synmc2,parm,Specificity,bnpred,bn,0.16028891619905938,3,FALSE,0.20259462688350283,4,FALSE
BankMarketing,parmsyn,synmc2,parm,F1,bnpred,bn,0.9399054581603268,3,FALSE,0.9424278635035274,3,FALSE
BankMarketing,parmsyn,synmc2,parm,Accuracy,svmpred,svm,0.8827690314379308,4,FALSE,0.894050506038234,3,FALSE
BankMarketing,parmsyn,synmc2,parm,Specificity,svmpred,svm,0.08777314428690576,4,FALSE,0.27263736263736266,3,FALSE
BankMarketing,parmsyn,synmc2,parm,F1,svmpred,svm,0.9370280119959439,4,FALSE,0.9421544885658606,4,FALSE
BankMarketing,parmsyn,synmc3,parm,Accuracy,parmpred,parm,0.9013479165343508,1,TRUE,0.9002442184520608,1,TRUE
BankMarketing,parmsyn,synmc3,parm,Specificity,parmpred,parm,0.25036630036630036,1,TRUE,0.2802197802197802,2,FALSE
BankMarketing,parmsyn,synmc3,parm,F1,parmpred,parm,0.9464872203441873,1,TRUE,0.945651151223194,1,TRUE
BankMarketing,parmsyn,synmc3,parm,Accuracy,cartpred,cart,0.8920573446649339,4,FALSE,0.896041167554882,2,FALSE
BankMarketing,parmsyn,synmc3,parm,Specificity,cartpred,cart,0.15274725274725276,4,FALSE,0.3704761904761905,1,TRUE
BankMarketing,parmsyn,synmc3,parm,F1,cartpred,cart,0.9418693911670182,4,FALSE,0.9425544705259774,2,FALSE
BankMarketing,parmsyn,synmc3,parm,Accuracy,bnpred,bn,0.8935165203642442,3,FALSE,0.8936463733665547,4,FALSE
BankMarketing,parmsyn,synmc3,parm,Specificity,bnpred,bn,0.17311995447917777,2,FALSE,0.20259462688350283,4,FALSE
BankMarketing,parmsyn,synmc3,parm,F1,bnpred,bn,0.9425679747612478,3,FALSE,0.9424278635035274,3,FALSE
BankMarketing,parmsyn,synmc3,parm,Accuracy,svmpred,svm,0.89360650832292,2,FALSE,0.894050506038234,3,FALSE
BankMarketing,parmsyn,synmc3,parm,Specificity,svmpred,svm,0.1682051282051282,3,FALSE,0.27263736263736266,3,FALSE
BankMarketing,parmsyn,synmc3,parm,F1,svmpred,svm,0.9426357136619999,2,FALSE,0.9421544885658606,4,FALSE
BankMarketing,parmsyn,synmc4,parm,Accuracy,parmpred,parm,0.9009054906370704,1,TRUE,0.9002442184520608,1,TRUE
BankMarketing,parmsyn,synmc4,parm,Specificity,parmpred,parm,0.27492505730911654,1,TRUE,0.2802197802197802,2,FALSE
BankMarketing,parmsyn,synmc4,parm,F1,parmpred,parm,0.9460290280027666,1,TRUE,0.945651151223194,1,TRUE
BankMarketing,parmsyn,synmc4,parm,Accuracy,cartpred,cart,0.8951532782476899,3,FALSE,0.896041167554882,2,FALSE
BankMarketing,parmsyn,synmc4,parm,Specificity,cartpred,cart,0.21828601657555985,2,FALSE,0.3704761904761905,1,TRUE
BankMarketing,parmsyn,synmc4,parm,F1,cartpred,cart,0.9431475865996167,3,FALSE,0.9425544705259774,2,FALSE
BankMarketing,parmsyn,synmc4,parm,Accuracy,bnpred,bn,0.8909825224445038,4,FALSE,0.8936463733665547,4,FALSE
BankMarketing,parmsyn,synmc4,parm,Specificity,bnpred,bn,0.18773070246600196,4,FALSE,0.20259462688350283,4,FALSE
BankMarketing,parmsyn,synmc4,parm,F1,bnpred,bn,0.9409797337520697,4,FALSE,0.9424278635035274,3,FALSE
BankMarketing,parmsyn,synmc4,parm,Accuracy,svmpred,svm,0.8960397007773921,2,FALSE,0.894050506038234,3,FALSE
BankMarketing,parmsyn,synmc4,parm,Specificity,svmpred,svm,0.21089754893316875,3,FALSE,0.27263736263736266,3,FALSE
BankMarketing,parmsyn,synmc4,parm,F1,svmpred,svm,0.9436893086469468,2,FALSE,0.9421544885658606,4,FALSE
BankMarketing,parmsyn,synmc5,parm,Accuracy,parmpred,parm,0.8891841758153461,1,TRUE,0.9002442184520608,1,TRUE
BankMarketing,parmsyn,synmc5,parm,Specificity,parmpred,parm,0.1738083538083538,1,TRUE,0.2802197802197802,2,FALSE
BankMarketing,parmsyn,synmc5,parm,F1,parmpred,parm,0.9399961113528976,1,TRUE,0.945651151223194,1,TRUE
BankMarketing,parmsyn,synmc5,parm,Accuracy,cartpred,cart,0.8805548674678011,3,FALSE,0.896041167554882,2,FALSE
BankMarketing,parmsyn,synmc5,parm,Specificity,cartpred,cart,0.11228501228501228,3,FALSE,0.3704761904761905,1,TRUE
BankMarketing,parmsyn,synmc5,parm,F1,cartpred,cart,0.9355358984961452,3,FALSE,0.9425544705259774,2,FALSE
BankMarketing,parmsyn,synmc5,parm,Accuracy,bnpred,bn,0.8846795071190686,2,FALSE,0.8936463733665547,4,FALSE
BankMarketing,parmsyn,synmc5,parm,Specificity,bnpred,bn,0.09220036431045606,4,FALSE,0.20259462688350283,4,FALSE
BankMarketing,parmsyn,synmc5,parm,F1,bnpred,bn,0.9380795558933586,2,FALSE,0.9424278635035274,3,FALSE
BankMarketing,parmsyn,synmc5,parm,Accuracy,svmpred,svm,0.8801143507094757,4,FALSE,0.894050506038234,3,FALSE
BankMarketing,parmsyn,synmc5,parm,Specificity,svmpred,svm,0.12316134316134315,2,FALSE,0.27263736263736266,3,FALSE
BankMarketing,parmsyn,synmc5,parm,F1,svmpred,svm,0.935197810235577,4,FALSE,0.9421544885658606,4,FALSE
BankMarketing,cartsyn,synmc1,cart,Accuracy,parmpred,parm,0.8880765078502375,2,FALSE,0.9002442184520608,1,TRUE
BankMarketing,cartsyn,synmc1,cart,Specificity,parmpred,parm,0.17570530098831985,2,FALSE,0.2802197802197802,2,FALSE
BankMarketing,cartsyn,synmc1,cart,F1,parmpred,parm,0.9393995687550019,2,FALSE,0.945651151223194,1,TRUE
BankMarketing,cartsyn,synmc1,cart,Accuracy,cartpred,cart,0.8942748726396943,1,TRUE,0.896041167554882,2,FALSE
BankMarketing,cartsyn,synmc1,cart,Specificity,cartpred,cart,0.3290386343216532,1,TRUE,0.3704761904761905,1,TRUE
BankMarketing,cartsyn,synmc1,cart,F1,cartpred,cart,0.9418269767531092,1,TRUE,0.9425544705259774,2,FALSE
BankMarketing,cartsyn,synmc1,cart,Accuracy,bnpred,bn,0.8851879558919219,3,FALSE,0.8936463733665547,4,FALSE
BankMarketing,cartsyn,synmc1,cart,Specificity,bnpred,bn,0.1423758888762714,3,FALSE,0.20259462688350283,4,FALSE
BankMarketing,cartsyn,synmc1,cart,F1,bnpred,bn,0.9380111005275747,3,FALSE,0.9424278635035274,3,FALSE
BankMarketing,cartsyn,synmc1,cart,Accuracy,svmpred,svm,0.8838746803505257,4,FALSE,0.894050506038234,3,FALSE
BankMarketing,cartsyn,synmc1,cart,Specificity,svmpred,svm,0.0963162623539982,4,FALSE,0.27263736263736266,3,FALSE
BankMarketing,cartsyn,synmc1,cart,F1,svmpred,svm,0.9376101223704232,4,FALSE,0.9421544885658606,4,FALSE
BankMarketing,cartsyn,synmc2,cart,Accuracy,parmpred,parm,0.8880782770253752,2,FALSE,0.9002442184520608,1,TRUE
BankMarketing,cartsyn,synmc2,cart,Specificity,parmpred,parm,0.19032537210107303,2,FALSE,0.2802197802197802,2,FALSE
BankMarketing,cartsyn,synmc2,cart,F1,parmpred,parm,0.9392757105297903,2,FALSE,0.945651151223194,1,TRUE
BankMarketing,cartsyn,synmc2,cart,Accuracy,cartpred,cart,0.8960416564807119,1,TRUE,0.896041167554882,2,FALSE
BankMarketing,cartsyn,synmc2,cart,Specificity,cartpred,cart,0.34710972654897887,1,TRUE,0.3704761904761905,1,TRUE
BankMarketing,cartsyn,synmc2,cart,F1,cartpred,cart,0.9426882075445318,1,TRUE,0.9425544705259774,2,FALSE
BankMarketing,cartsyn,synmc2,cart,Accuracy,bnpred,bn,0.8830576504354491,3,FALSE,0.8936463733665547,4,FALSE
BankMarketing,cartsyn,synmc2,cart,Specificity,bnpred,bn,0.08146097715838502,4,FALSE,0.20259462688350283,4,FALSE
BankMarketing,cartsyn,synmc2,cart,F1,bnpred,bn,0.9372655392147641,3,FALSE,0.9424278635035274,3,FALSE
BankMarketing,cartsyn,synmc2,cart,Accuracy,svmpred,svm,0.880555908668655,4,FALSE,0.894050506038234,3,FALSE
BankMarketing,cartsyn,synmc2,cart,Specificity,svmpred,svm,0.09134648667358948,3,FALSE,0.27263736263736266,3,FALSE
BankMarketing,cartsyn,synmc2,cart,F1,svmpred,svm,0.935738066362139,4,FALSE,0.9421544885658606,4,FALSE
BankMarketing,cartsyn,synmc3,cart,Accuracy,parmpred,parm,0.8889634772405026,2,FALSE,0.9002442184520608,1,TRUE
BankMarketing,cartsyn,synmc3,cart,Specificity,parmpred,parm,0.18666666666666665,2,FALSE,0.2802197802197802,2,FALSE
BankMarketing,cartsyn,synmc3,cart,F1,parmpred,parm,0.9398449174237166,2,FALSE,0.945651151223194,1,TRUE
BankMarketing,cartsyn,synmc3,cart,Accuracy,cartpred,cart,0.8936070503104678,1,TRUE,0.896041167554882,2,FALSE
BankMarketing,cartsyn,synmc3,cart,Specificity,cartpred,cart,0.28,1,TRUE,0.3704761904761905,1,TRUE
BankMarketing,cartsyn,synmc3,cart,F1,cartpred,cart,0.9418070859025618,1,TRUE,0.9425544705259774,2,FALSE
BankMarketing,cartsyn,synmc3,cart,Accuracy,bnpred,bn,0.887585941422199,3,FALSE,0.8936463733665547,4,FALSE
BankMarketing,cartsyn,synmc3,cart,Specificity,bnpred,bn,0.11120879120879121,4,FALSE,0.20259462688350283,4,FALSE
BankMarketing,cartsyn,synmc3,cart,F1,bnpred,bn,0.9396214903649205,3,FALSE,0.9424278635035274,3,FALSE
BankMarketing,cartsyn,synmc3,cart,Accuracy,svmpred,svm,0.8874148046741309,4,FALSE,0.894050506038234,3,FALSE
BankMarketing,cartsyn,synmc3,cart,Specificity,svmpred,svm,0.13904761904761903,3,FALSE,0.27263736263736266,3,FALSE
BankMarketing,cartsyn,synmc3,cart,F1,svmpred,svm,0.9393126617759778,4,FALSE,0.9421544885658606,4,FALSE
BankMarketing,cartsyn,synmc4,cart,Accuracy,parmpred,parm,0.8812200564739113,3,FALSE,0.9002442184520608,1,TRUE
BankMarketing,cartsyn,synmc4,cart,Specificity,parmpred,parm,0.14866735894773278,2,FALSE,0.2802197802197802,2,FALSE
BankMarketing,cartsyn,synmc4,cart,F1,parmpred,parm,0.9356483818358519,3,FALSE,0.945651151223194,1,TRUE
BankMarketing,cartsyn,synmc4,cart,Accuracy,cartpred,cart,0.8867527444143202,1,TRUE,0.896041167554882,2,FALSE
BankMarketing,cartsyn,synmc4,cart,Specificity,cartpred,cart,0.3161301488404292,1,TRUE,0.3704761904761905,1,TRUE
BankMarketing,cartsyn,synmc4,cart,F1,cartpred,cart,0.9374684949649938,1,TRUE,0.9425544705259774,2,FALSE
BankMarketing,cartsyn,synmc4,cart,Accuracy,bnpred,bn,0.8812782448046995,2,FALSE,0.8936463733665547,4,FALSE
BankMarketing,cartsyn,synmc4,cart,Specificity,bnpred,bn,0.06549305433100178,3,FALSE,0.20259462688350283,4,FALSE
BankMarketing,cartsyn,synmc4,cart,F1,bnpred,bn,0.9363591067430944,2,FALSE,0.9424278635035274,3,FALSE
BankMarketing,cartsyn,synmc4,cart,Accuracy,svmpred,svm,0.8792320840493281,4,FALSE,0.894050506038234,3,FALSE
BankMarketing,cartsyn,synmc4,cart,Specificity,svmpred,svm,0.03148148148148148,4,FALSE,0.27263736263736266,3,FALSE
BankMarketing,cartsyn,synmc4,cart,F1,svmpred,svm,0.9354655087248911,4,FALSE,0.9421544885658606,4,FALSE
BankMarketing,cartsyn,synmc5,cart,Accuracy,parmpred,parm,0.8907311333511903,2,FALSE,0.9002442184520608,1,TRUE
BankMarketing,cartsyn,synmc5,cart,Specificity,parmpred,parm,0.16794249439880507,2,FALSE,0.2802197802197802,2,FALSE
BankMarketing,cartsyn,synmc5,cart,F1,parmpred,parm,0.9410088946891356,2,FALSE,0.945651151223194,1,TRUE
BankMarketing,cartsyn,synmc5,cart,Accuracy,cartpred,cart,0.8953781299848573,1,TRUE,0.896041167554882,2,FALSE
BankMarketing,cartsyn,synmc5,cart,Specificity,cartpred,cart,0.2412808065720687,1,TRUE,0.3704761904761905,1,TRUE
BankMarketing,cartsyn,synmc5,cart,F1,cartpred,cart,0.9431376972727928,1,TRUE,0.9425544705259774,2,FALSE
BankMarketing,cartsyn,synmc5,cart,Accuracy,bnpred,bn,0.8881544299628399,3,FALSE,0.8936463733665547,4,FALSE
BankMarketing,cartsyn,synmc5,cart,Specificity,bnpred,bn,0.11396719911854121,3,FALSE,0.20259462688350283,4,FALSE
BankMarketing,cartsyn,synmc5,cart,F1,bnpred,bn,0.9399279286829124,3,FALSE,0.9424278635035274,3,FALSE
BankMarketing,cartsyn,synmc5,cart,Accuracy,svmpred,svm,0.884318870549929,4,FALSE,0.894050506038234,3,FALSE
BankMarketing,cartsyn,synmc5,cart,Specificity,svmpred,svm,0.04232636295743092,4,FALSE,0.27263736263736266,3,FALSE
BankMarketing,cartsyn,synmc5,cart,F1,svmpred,svm,0.9382824731116907,4,FALSE,0.9421544885658606,4,FALSE
BankMarketing,bnsyn,synmc1,bn,Accuracy,parmpred,parm,0.8896269495917469,2,FALSE,0.9002442184520608,1,TRUE
BankMarketing,bnsyn,synmc1,bn,Specificity,parmpred,parm,0.1018867924528302,4,FALSE,0.2802197802197802,2,FALSE
BankMarketing,bnsyn,synmc1,bn,F1,parmpred,parm,0.9408387015738694,2,FALSE,0.945651151223194,1,TRUE
BankMarketing,bnsyn,synmc1,bn,Accuracy,cartpred,cart,0.8878560602356622,4,FALSE,0.896041167554882,2,FALSE
BankMarketing,bnsyn,synmc1,bn,Specificity,cartpred,cart,0.169811320754717,1,TRUE,0.3704761904761905,1,TRUE
BankMarketing,bnsyn,synmc1,bn,F1,cartpred,cart,0.9393076787452188,4,FALSE,0.9425544705259774,2,FALSE
BankMarketing,bnsyn,synmc1,bn,Accuracy,bnpred,bn,0.89092718844927,1,TRUE,0.8936463733665547,4,FALSE
BankMarketing,bnsyn,synmc1,bn,Specificity,bnpred,bn,0.16354862119013064,2,FALSE,0.20259462688350283,4,FALSE
BankMarketing,bnsyn,synmc1,bn,F1,bnpred,bn,0.9411205231002867,1,TRUE,0.9424278635035274,3,FALSE
BankMarketing,bnsyn,synmc1,bn,Accuracy,svmpred,svm,0.8882987825746834,3,FALSE,0.894050506038234,3,FALSE
BankMarketing,bnsyn,synmc1,bn,Specificity,svmpred,svm,0.13773584905660377,3,FALSE,0.27263736263736266,3,FALSE
BankMarketing,bnsyn,synmc1,bn,F1,svmpred,svm,0.9398142517497758,3,FALSE,0.9421544885658606,4,FALSE
BankMarketing,bnsyn,synmc2,bn,Accuracy,parmpred,parm,0.8911750807120168,2,FALSE,0.9002442184520608,1,TRUE
BankMarketing,bnsyn,synmc2,bn,Specificity,parmpred,parm,0.16104222821203953,4,FALSE,0.2802197802197802,2,FALSE
BankMarketing,bnsyn,synmc2,bn,F1,parmpred,parm,0.9412897893621913,2,FALSE,0.945651151223194,1,TRUE
BankMarketing,bnsyn,synmc2,bn,Accuracy,cartpred,cart,0.8907330933860789,3,FALSE,0.896041167554882,2,FALSE
BankMarketing,bnsyn,synmc2,bn,Specificity,cartpred,cart,0.24442048517520215,1,TRUE,0.3704761904761905,1,TRUE
BankMarketing,bnsyn,synmc2,bn,F1,cartpred,cart,0.940416164081985,4,FALSE,0.9425544705259774,2,FALSE
BankMarketing,bnsyn,synmc2,bn,Accuracy,bnpred,bn,0.8934267689034355,1,TRUE,0.8936463733665547,4,FALSE
BankMarketing,bnsyn,synmc2,bn,Specificity,bnpred,bn,0.21242324864055842,2,FALSE,0.20259462688350283,4,FALSE
BankMarketing,bnsyn,synmc2,bn,F1,bnpred,bn,0.9422127477479348,1,TRUE,0.9424278635035274,3,FALSE
BankMarketing,bnsyn,synmc2,bn,Accuracy,svmpred,svm,0.8902918362002092,4,FALSE,0.894050506038234,3,FALSE
BankMarketing,bnsyn,synmc2,bn,Specificity,svmpred,svm,0.16107816711590295,3,FALSE,0.27263736263736266,3,FALSE
BankMarketing,bnsyn,synmc2,bn,F1,svmpred,svm,0.9407859978334878,3,FALSE,0.9421544885658606,4,FALSE
BankMarketing,bnsyn,synmc3,bn,Accuracy,parmpred,parm,0.9011281492468025,1,TRUE,0.9002442184520608,1,TRUE
BankMarketing,bnsyn,synmc3,bn,Specificity,parmpred,parm,0.21479154768703598,1,TRUE,0.2802197802197802,2,FALSE
BankMarketing,bnsyn,synmc3,bn,F1,parmpred,parm,0.9466294559373083,1,TRUE,0.945651151223194,1,TRUE
BankMarketing,bnsyn,synmc3,bn,Accuracy,cartpred,cart,0.9004646768955581,2,FALSE,0.896041167554882,2,FALSE
BankMarketing,bnsyn,synmc3,bn,Specificity,cartpred,cart,0.19527888825433087,3,FALSE,0.3704761904761905,1,TRUE
BankMarketing,bnsyn,synmc3,bn,F1,cartpred,cart,0.9463793518521386,2,FALSE,0.9425544705259774,2,FALSE
BankMarketing,bnsyn,synmc3,bn,Accuracy,bnpred,bn,0.8989679351733002,4,FALSE,0.8936463733665547,4,FALSE
BankMarketing,bnsyn,synmc3,bn,Specificity,bnpred,bn,0.2114482686278395,2,FALSE,0.20259462688350283,4,FALSE
BankMarketing,bnsyn,synmc3,bn,F1,bnpred,bn,0.945423871209773,4,FALSE,0.9424278635035274,3,FALSE
BankMarketing,bnsyn,synmc3,bn,Accuracy,svmpred,svm,0.8995799645233685,3,FALSE,0.894050506038234,3,FALSE
BankMarketing,bnsyn,synmc3,bn,Specificity,svmpred,svm,0.18543689320388348,4,FALSE,0.27263736263736266,3,FALSE
BankMarketing,bnsyn,synmc3,bn,F1,svmpred,svm,0.9459430432352587,3,FALSE,0.9421544885658606,4,FALSE
BankMarketing,bnsyn,synmc4,bn,Accuracy,parmpred,parm,0.8973678677944555,1,TRUE,0.9002442184520608,1,TRUE
BankMarketing,bnsyn,synmc4,bn,Specificity,parmpred,parm,0.15722772277227723,4,FALSE,0.2802197802197802,2,FALSE
BankMarketing,bnsyn,synmc4,bn,F1,parmpred,parm,0.9448952185593399,1,TRUE,0.945651151223194,1,TRUE
BankMarketing,bnsyn,synmc4,bn,Accuracy,cartpred,cart,0.8955982007529458,4,FALSE,0.896041167554882,2,FALSE
BankMarketing,bnsyn,synmc4,bn,Specificity,cartpred,cart,0.20087128712871288,1,TRUE,0.3704761904761905,1,TRUE
BankMarketing,bnsyn,synmc4,bn,F1,cartpred,cart,0.9435923663335141,4,FALSE,0.9425544705259774,2,FALSE
BankMarketing,bnsyn,synmc4,bn,Accuracy,bnpred,bn,0.8964293001711795,2,FALSE,0.8936463733665547,4,FALSE
BankMarketing,bnsyn,synmc4,bn,Specificity,bnpred,bn,0.1931164616461646,2,FALSE,0.20259462688350283,4,FALSE
BankMarketing,bnsyn,synmc4,bn,F1,bnpred,bn,0.9441177992040853,2,FALSE,0.9424278635035274,3,FALSE
BankMarketing,bnsyn,synmc4,bn,Accuracy,svmpred,svm,0.8958194396909989,3,FALSE,0.894050506038234,3,FALSE
BankMarketing,bnsyn,synmc4,bn,Specificity,svmpred,svm,0.16710891089108912,3,FALSE,0.27263736263736266,3,FALSE
BankMarketing,bnsyn,synmc4,bn,F1,svmpred,svm,0.9439477423869204,3,FALSE,0.9421544885658606,4,FALSE
BankMarketing,bnsyn,synmc5,bn,Accuracy,parmpred,parm,0.890728931019171,2,FALSE,0.9002442184520608,1,TRUE
BankMarketing,bnsyn,synmc5,bn,Specificity,parmpred,parm,0.09739196649533599,4,FALSE,0.2802197802197802,2,FALSE
BankMarketing,bnsyn,synmc5,bn,F1,parmpred,parm,0.9415086579229655,1,TRUE,0.945651151223194,1,TRUE
BankMarketing,bnsyn,synmc5,bn,Accuracy,cartpred,cart,0.8911738573145497,1,TRUE,0.896041167554882,2,FALSE
BankMarketing,bnsyn,synmc5,bn,Specificity,cartpred,cart,0.21222158766419189,1,TRUE,0.3704761904761905,1,TRUE
BankMarketing,bnsyn,synmc5,bn,F1,cartpred,cart,0.9409427098435231,3,FALSE,0.9425544705259774,2,FALSE
BankMarketing,bnsyn,synmc5,bn,Accuracy,bnpred,bn,0.8900333538508673,4,FALSE,0.8936463733665547,4,FALSE
BankMarketing,bnsyn,synmc5,bn,Specificity,bnpred,bn,0.1636626084081852,2,FALSE,0.20259462688350283,4,FALSE
BankMarketing,bnsyn,synmc5,bn,F1,bnpred,bn,0.9406510024264109,4,FALSE,0.9424278635035274,3,FALSE
BankMarketing,bnsyn,synmc5,bn,Accuracy,svmpred,svm,0.8907289299362788,3,FALSE,0.894050506038234,3,FALSE
BankMarketing,bnsyn,synmc5,bn,Specificity,svmpred,svm,0.13624595469255663,3,FALSE,0.27263736263736266,3,FALSE
BankMarketing,bnsyn,synmc5,bn,F1,svmpred,svm,0.9412345740698966,2,FALSE,0.9421544885658606,4,FALSE
BankMarketing,svmsyn,synmc1,svm,Accuracy,parmpred,parm,0.8838756587436317,3,FALSE,0.9002442184520608,1,TRUE
BankMarketing,svmsyn,synmc1,svm,Specificity,parmpred,parm,0.09152187902187903,3,FALSE,0.2802197802197802,2,FALSE
BankMarketing,svmsyn,synmc1,svm,F1,parmpred,parm,0.9376133525663028,3,FALSE,0.945651151223194,1,TRUE
BankMarketing,svmsyn,synmc1,svm,Accuracy,cartpred,cart,0.8823272295572828,4,FALSE,0.896041167554882,2,FALSE
BankMarketing,svmsyn,synmc1,svm,Specificity,cartpred,cart,0.12750965250965252,1,TRUE,0.3704761904761905,1,TRUE
BankMarketing,svmsyn,synmc1,svm,F1,cartpred,cart,0.9364262565943403,4,FALSE,0.9425544705259774,2,FALSE
BankMarketing,svmsyn,synmc1,svm,Accuracy,bnpred,bn,0.8855392544139872,1,TRUE,0.8936463733665547,4,FALSE
BankMarketing,svmsyn,synmc1,svm,Specificity,bnpred,bn,0.08745801681581498,4,FALSE,0.20259462688350283,4,FALSE
BankMarketing,svmsyn,synmc1,svm,F1,bnpred,bn,0.9386052236714557,1,TRUE,0.9424278635035274,3,FALSE
BankMarketing,svmsyn,synmc1,svm,Accuracy,svmpred,svm,0.8845383977061311,2,FALSE,0.894050506038234,3,FALSE
BankMarketing,svmsyn,synmc1,svm,Specificity,svmpred,svm,0.109507722007722,2,FALSE,0.27263736263736266,3,FALSE
BankMarketing,svmsyn,synmc1,svm,F1,svmpred,svm,0.9378420772087687,2,FALSE,0.9421544885658606,4,FALSE
BankMarketing,svmsyn,synmc2,svm,Accuracy,parmpred,parm,0.8776826764698732,1,TRUE,0.9002442184520608,1,TRUE
BankMarketing,svmsyn,synmc2,svm,Specificity,parmpred,parm,0.11854341736694678,2,FALSE,0.2802197802197802,2,FALSE
BankMarketing,svmsyn,synmc2,svm,F1,parmpred,parm,0.9337487622439649,1,TRUE,0.945651151223194,1,TRUE
BankMarketing,svmsyn,synmc2,svm,Accuracy,cartpred,cart,0.8770184696469917,2,FALSE,0.896041167554882,2,FALSE
BankMarketing,svmsyn,synmc2,svm,Specificity,cartpred,cart,0.18032212885154061,1,TRUE,0.3704761904761905,1,TRUE
BankMarketing,svmsyn,synmc2,svm,F1,cartpred,cart,0.9327666048752614,2,FALSE,0.9425544705259774,2,FALSE
BankMarketing,svmsyn,synmc2,svm,Accuracy,bnpred,bn,0.8754155901450286,3,FALSE,0.8936463733665547,4,FALSE
BankMarketing,svmsyn,synmc2,svm,Specificity,bnpred,bn,0.09755835667600374,4,FALSE,0.20259462688350283,4,FALSE
BankMarketing,svmsyn,synmc2,svm,F1,bnpred,bn,0.9326443672284072,3,FALSE,0.9424278635035274,3,FALSE
BankMarketing,svmsyn,synmc2,svm,Accuracy,svmpred,svm,0.873920388418273,4,FALSE,0.894050506038234,3,FALSE
BankMarketing,svmsyn,synmc2,svm,Specificity,svmpred,svm,0.11352941176470588,3,FALSE,0.27263736263736266,3,FALSE
BankMarketing,svmsyn,synmc2,svm,F1,svmpred,svm,0.931617461916046,4,FALSE,0.9421544885658606,4,FALSE
BankMarketing,svmsyn,synmc3,svm,Accuracy,parmpred,parm,0.8878570380873222,4,FALSE,0.9002442184520608,1,TRUE
BankMarketing,svmsyn,synmc3,svm,Specificity,parmpred,parm,0.08661611708693352,4,FALSE,0.2802197802197802,2,FALSE
BankMarketing,svmsyn,synmc3,svm,F1,parmpred,parm,0.9399511852579051,4,FALSE,0.945651151223194,1,TRUE
BankMarketing,svmsyn,synmc3,svm,Accuracy,cartpred,cart,0.8905114164181294,1,TRUE,0.896041167554882,2,FALSE
BankMarketing,svmsyn,synmc3,svm,Specificity,cartpred,cart,0.15254805149003703,1,TRUE,0.3704761904761905,1,TRUE
BankMarketing,svmsyn,synmc3,svm,F1,cartpred,cart,0.9409659348800944,1,TRUE,0.9425544705259774,2,FALSE
BankMarketing,svmsyn,synmc3,svm,Accuracy,bnpred,bn,0.8880512977459523,3,FALSE,0.8936463733665547,4,FALSE
BankMarketing,svmsyn,synmc3,svm,Specificity,bnpred,bn,0.09273020372914571,3,FALSE,0.20259462688350283,4,FALSE
BankMarketing,svmsyn,synmc3,svm,F1,bnpred,bn,0.940017053750774,3,FALSE,0.9424278635035274,3,FALSE
BankMarketing,svmsyn,synmc3,svm,Accuracy,svmpred,svm,0.8889624993888426,2,FALSE,0.894050506038234,3,FALSE
BankMarketing,svmsyn,synmc3,svm,Specificity,svmpred,svm,0.10165755598659848,2,FALSE,0.27263736263736266,3,FALSE
BankMarketing,svmsyn,synmc3,svm,F1,svmpred,svm,0.9404658116693436,2,FALSE,0.9421544885658606,4,FALSE
BankMarketing,svmsyn,synmc4,svm,Accuracy,parmpred,parm,0.886088783678692,2,FALSE,0.9002442184520608,1,TRUE
BankMarketing,svmsyn,synmc4,svm,Specificity,parmpred,parm,0.08853211009174312,4,FALSE,0.2802197802197802,2,FALSE
BankMarketing,svmsyn,synmc4,svm,F1,parmpred,parm,0.9389190283459184,2,FALSE,0.945651151223194,1,TRUE
BankMarketing,svmsyn,synmc4,svm,Accuracy,cartpred,cart,0.8847640418496687,3,FALSE,0.896041167554882,2,FALSE
BankMarketing,svmsyn,synmc4,svm,Specificity,cartpred,cart,0.1345565749235474,1,TRUE,0.3704761904761905,1,TRUE
BankMarketing,svmsyn,synmc4,svm,F1,cartpred,cart,0.9377923378253729,3,FALSE,0.9425544705259774,2,FALSE
BankMarketing,svmsyn,synmc4,svm,Accuracy,bnpred,bn,0.8877069952192598,1,TRUE,0.8936463733665547,4,FALSE
BankMarketing,svmsyn,synmc4,svm,Specificity,bnpred,bn,0.11740708804977522,2,FALSE,0.20259462688350283,4,FALSE
BankMarketing,svmsyn,synmc4,svm,F1,bnpred,bn,0.9396247179476652,1,TRUE,0.9424278635035274,3,FALSE
BankMarketing,svmsyn,synmc4,svm,Accuracy,svmpred,svm,0.8832136537113233,4,FALSE,0.894050506038234,3,FALSE
BankMarketing,svmsyn,synmc4,svm,Specificity,svmpred,svm,0.09215086646279307,3,FALSE,0.27263736263736266,3,FALSE
BankMarketing,svmsyn,synmc4,svm,F1,svmpred,svm,0.937248297128996,4,FALSE,0.9421544885658606,4,FALSE
BankMarketing,svmsyn,synmc5,svm,Accuracy,parmpred,parm,0.887857717872903,3,FALSE,0.9002442184520608,1,TRUE
BankMarketing,svmsyn,synmc5,svm,Specificity,parmpred,parm,0.06242587601078167,4,FALSE,0.2802197802197802,2,FALSE
BankMarketing,svmsyn,synmc5,svm,F1,parmpred,parm,0.9401363890672962,3,FALSE,0.945651151223194,1,TRUE
BankMarketing,svmsyn,synmc5,svm,Accuracy,cartpred,cart,0.889407370456719,1,TRUE,0.896041167554882,2,FALSE
BankMarketing,svmsyn,synmc5,svm,Specificity,cartpred,cart,0.09836477987421384,1,TRUE,0.3704761904761905,1,TRUE
BankMarketing,svmsyn,synmc5,svm,F1,cartpred,cart,0.940746242917525,1,TRUE,0.9425544705259774,2,FALSE
BankMarketing,svmsyn,synmc5,svm,Accuracy,bnpred,bn,0.8882799373091822,2,FALSE,0.8936463733665547,4,FALSE
BankMarketing,svmsyn,synmc5,svm,Specificity,bnpred,bn,0.06325334310313244,3,FALSE,0.20259462688350283,4,FALSE
BankMarketing,svmsyn,synmc5,svm,F1,bnpred,bn,0.9403717998529759,2,FALSE,0.9424278635035274,3,FALSE
BankMarketing,svmsyn,synmc5,svm,Accuracy,svmpred,svm,0.8860885381328849,4,FALSE,0.894050506038234,3,FALSE
BankMarketing,svmsyn,synmc5,svm,Specificity,svmpred,svm,0.0737286612758311,2,FALSE,0.27263736263736266,3,FALSE
BankMarketing,svmsyn,synmc5,svm,F1,svmpred,svm,0.9390473356502205,4,FALSE,0.9421544885658606,4,FALSE
BikeSharing,parmsyn,synmc1,parm,MAE,parmpred,parm,4.342514847845375,1,TRUE,4.272895074429231,1,TRUE
BikeSharing,parmsyn,synmc1,parm,RMSE,parmpred,parm,5.422030617961299,1,TRUE,5.450648130756346,1,TRUE
BikeSharing,parmsyn,synmc1,parm,R_squared,parmpred,parm,0.999097594818865,1,TRUE,0.9990968193606733,1,TRUE
BikeSharing,parmsyn,synmc1,parm,MAE,cartpred,cart,13.8729731061394,3,FALSE,10.462142354890867,3,FALSE
BikeSharing,parmsyn,synmc1,parm,RMSE,cartpred,cart,18.014229560684573,3,FALSE,14.98901997198783,3,FALSE
BikeSharing,parmsyn,synmc1,parm,R_squared,cartpred,cart,0.9900245836783922,3,FALSE,0.9931657430548586,3,FALSE
BikeSharing,parmsyn,synmc1,parm,MAE,svmpred,svm,7.755165650903538,2,FALSE,7.740144028949741,2,FALSE
BikeSharing,parmsyn,synmc1,parm,RMSE,svmpred,svm,10.766091126244982,2,FALSE,9.823605555219633,2,FALSE
BikeSharing,parmsyn,synmc1,parm,R_squared,svmpred,svm,0.9964291357022684,2,FALSE,0.9970645394147465,2,FALSE
BikeSharing,parmsyn,synmc2,parm,MAE,parmpred,parm,4.404468884537049,1,TRUE,4.272895074429231,1,TRUE
BikeSharing,parmsyn,synmc2,parm,RMSE,parmpred,parm,5.500936223286536,1,TRUE,5.450648130756346,1,TRUE
BikeSharing,parmsyn,synmc2,parm,R_squared,parmpred,parm,0.9990955246527669,1,TRUE,0.9990968193606733,1,TRUE
BikeSharing,parmsyn,synmc2,parm,MAE,cartpred,cart,14.352018778201295,3,FALSE,10.462142354890867,3,FALSE
BikeSharing,parmsyn,synmc2,parm,RMSE,cartpred,cart,18.5697068701898,3,FALSE,14.98901997198783,3,FALSE
BikeSharing,parmsyn,synmc2,parm,R_squared,cartpred,cart,0.9896821268106145,3,FALSE,0.9931657430548586,3,FALSE
BikeSharing,parmsyn,synmc2,parm,MAE,svmpred,svm,8.031956650570216,2,FALSE,7.740144028949741,2,FALSE
BikeSharing,parmsyn,synmc2,parm,RMSE,svmpred,svm,10.723969868182822,2,FALSE,9.823605555219633,2,FALSE
BikeSharing,parmsyn,synmc2,parm,R_squared,svmpred,svm,0.9965594304870681,2,FALSE,0.9970645394147465,2,FALSE
BikeSharing,parmsyn,synmc3,parm,MAE,parmpred,parm,4.377109947816827,1,TRUE,4.272895074429231,1,TRUE
BikeSharing,parmsyn,synmc3,parm,RMSE,parmpred,parm,5.467048474432424,1,TRUE,5.450648130756346,1,TRUE
BikeSharing,parmsyn,synmc3,parm,R_squared,parmpred,parm,0.9990963100909717,1,TRUE,0.9990968193606733,1,TRUE
BikeSharing,parmsyn,synmc3,parm,MAE,cartpred,cart,14.35247651083785,3,FALSE,10.462142354890867,3,FALSE
BikeSharing,parmsyn,synmc3,parm,RMSE,cartpred,cart,18.564348764312825,3,FALSE,14.98901997198783,3,FALSE
BikeSharing,parmsyn,synmc3,parm,R_squared,cartpred,cart,0.9895697290048966,3,FALSE,0.9931657430548586,3,FALSE
BikeSharing,parmsyn,synmc3,parm,MAE,svmpred,svm,7.737839908935986,2,FALSE,7.740144028949741,2,FALSE
BikeSharing,parmsyn,synmc3,parm,RMSE,svmpred,svm,10.347115179130489,2,FALSE,9.823605555219633,2,FALSE
BikeSharing,parmsyn,synmc3,parm,R_squared,svmpred,svm,0.9967614019131302,2,FALSE,0.9970645394147465,2,FALSE
BikeSharing,parmsyn,synmc4,parm,MAE,parmpred,parm,4.412787321460876,1,TRUE,4.272895074429231,1,TRUE
BikeSharing,parmsyn,synmc4,parm,RMSE,parmpred,parm,5.496333243562695,1,TRUE,5.450648130756346,1,TRUE
BikeSharing,parmsyn,synmc4,parm,R_squared,parmpred,parm,0.9990897092218304,1,TRUE,0.9990968193606733,1,TRUE
BikeSharing,parmsyn,synmc4,parm,MAE,cartpred,cart,14.312426195221262,3,FALSE,10.462142354890867,3,FALSE
BikeSharing,parmsyn,synmc4,parm,RMSE,cartpred,cart,18.6009996625044,3,FALSE,14.98901997198783,3,FALSE
BikeSharing,parmsyn,synmc4,parm,R_squared,cartpred,cart,0.9895704834697641,3,FALSE,0.9931657430548586,3,FALSE
BikeSharing,parmsyn,synmc4,parm,MAE,svmpred,svm,8.0153940709698,2,FALSE,7.740144028949741,2,FALSE
BikeSharing,parmsyn,synmc4,parm,RMSE,svmpred,svm,10.78234805489718,2,FALSE,9.823605555219633,2,FALSE
BikeSharing,parmsyn,synmc4,parm,R_squared,svmpred,svm,0.9964884851423346,2,FALSE,0.9970645394147465,2,FALSE
BikeSharing,parmsyn,synmc5,parm,MAE,parmpred,parm,4.329335982437654,1,TRUE,4.272895074429231,1,TRUE
BikeSharing,parmsyn,synmc5,parm,RMSE,parmpred,parm,5.405552571848535,1,TRUE,5.450648130756346,1,TRUE
BikeSharing,parmsyn,synmc5,parm,R_squared,parmpred,parm,0.9990942363259175,1,TRUE,0.9990968193606733,1,TRUE
BikeSharing,parmsyn,synmc5,parm,MAE,cartpred,cart,13.86557610812732,3,FALSE,10.462142354890867,3,FALSE
BikeSharing,parmsyn,synmc5,parm,RMSE,cartpred,cart,17.853138151473885,3,FALSE,14.98901997198783,3,FALSE
BikeSharing,parmsyn,synmc5,parm,R_squared,cartpred,cart,0.9900972162920183,3,FALSE,0.9931657430548586,3,FALSE
BikeSharing,parmsyn,synmc5,parm,MAE,svmpred,svm,7.787105341225961,2,FALSE,7.740144028949741,2,FALSE
BikeSharing,parmsyn,synmc5,parm,RMSE,svmpred,svm,11.365288168156566,2,FALSE,9.823605555219633,2,FALSE
BikeSharing,parmsyn,synmc5,parm,R_squared,svmpred,svm,0.9959287878891759,2,FALSE,0.9970645394147465,2,FALSE
BikeSharing,cartsyn,synmc1,cart,MAE,parmpred,parm,4.257822517405953,1,TRUE,4.272895074429231,1,TRUE
BikeSharing,cartsyn,synmc1,cart,RMSE,parmpred,parm,7.131328558978688,1,TRUE,5.450648130756346,1,TRUE
BikeSharing,cartsyn,synmc1,cart,R_squared,parmpred,parm,0.9984826127749433,1,TRUE,0.9990968193606733,1,TRUE
BikeSharing,cartsyn,synmc1,cart,MAE,cartpred,cart,10.101380941848458,3,FALSE,10.462142354890867,3,FALSE
BikeSharing,cartsyn,synmc1,cart,RMSE,cartpred,cart,14.887420696296749,3,FALSE,14.98901997198783,3,FALSE
BikeSharing,cartsyn,synmc1,cart,R_squared,cartpred,cart,0.9934031310009901,3,FALSE,0.9931657430548586,3,FALSE
BikeSharing,cartsyn,synmc1,cart,MAE,svmpred,svm,8.155603000501822,2,FALSE,7.740144028949741,2,FALSE
BikeSharing,cartsyn,synmc1,cart,RMSE,svmpred,svm,10.970629813080649,2,FALSE,9.823605555219633,2,FALSE
BikeSharing,cartsyn,synmc1,cart,R_squared,svmpred,svm,0.9964121255449544,2,FALSE,0.9970645394147465,2,FALSE
BikeSharing,cartsyn,synmc2,cart,MAE,parmpred,parm,4.214761542283495,1,TRUE,4.272895074429231,1,TRUE
BikeSharing,cartsyn,synmc2,cart,RMSE,parmpred,parm,7.277970500472493,1,TRUE,5.450648130756346,1,TRUE
BikeSharing,cartsyn,synmc2,cart,R_squared,parmpred,parm,0.9983972680499702,1,TRUE,0.9990968193606733,1,TRUE
BikeSharing,cartsyn,synmc2,cart,MAE,cartpred,cart,10.21640538227406,3,FALSE,10.462142354890867,3,FALSE
BikeSharing,cartsyn,synmc2,cart,RMSE,cartpred,cart,14.754663315417119,3,FALSE,14.98901997198783,3,FALSE
BikeSharing,cartsyn,synmc2,cart,R_squared,cartpred,cart,0.9934431793368138,3,FALSE,0.9931657430548586,3,FALSE
BikeSharing,cartsyn,synmc2,cart,MAE,svmpred,svm,8.483867981148808,2,FALSE,7.740144028949741,2,FALSE
BikeSharing,cartsyn,synmc2,cart,RMSE,svmpred,svm,11.39206069081617,2,FALSE,9.823605555219633,2,FALSE
BikeSharing,cartsyn,synmc2,cart,R_squared,svmpred,svm,0.9960910254553634,2,FALSE,0.9970645394147465,2,FALSE
BikeSharing,cartsyn,synmc3,cart,MAE,parmpred,parm,4.211623661598835,1,TRUE,4.272895074429231,1,TRUE
BikeSharing,cartsyn,synmc3,cart,RMSE,parmpred,parm,7.490313418586276,1,TRUE,5.450648130756346,1,TRUE
BikeSharing,cartsyn,synmc3,cart,R_squared,parmpred,parm,0.9982874950645083,1,TRUE,0.9990968193606733,1,TRUE
BikeSharing,cartsyn,synmc3,cart,MAE,cartpred,cart,10.364233574825226,3,FALSE,10.462142354890867,3,FALSE
BikeSharing,cartsyn,synmc3,cart,RMSE,cartpred,cart,14.830131045780705,3,FALSE,14.98901997198783,3,FALSE
BikeSharing,cartsyn,synmc3,cart,R_squared,cartpred,cart,0.9933166572003203,3,FALSE,0.9931657430548586,3,FALSE
BikeSharing,cartsyn,synmc3,cart,MAE,svmpred,svm,8.133524714272545,2,FALSE,7.740144028949741,2,FALSE
BikeSharing,cartsyn,synmc3,cart,RMSE,svmpred,svm,11.100605101685487,2,FALSE,9.823605555219633,2,FALSE
BikeSharing,cartsyn,synmc3,cart,R_squared,svmpred,svm,0.9962529101686662,2,FALSE,0.9970645394147465,2,FALSE
BikeSharing,cartsyn,synmc4,cart,MAE,parmpred,parm,4.200735825953613,1,TRUE,4.272895074429231,1,TRUE
BikeSharing,cartsyn,synmc4,cart,RMSE,parmpred,parm,7.222326618987407,1,TRUE,5.450648130756346,1,TRUE
BikeSharing,cartsyn,synmc4,cart,R_squared,parmpred,parm,0.9984576614775912,1,TRUE,0.9990968193606733,1,TRUE
BikeSharing,cartsyn,synmc4,cart,MAE,cartpred,cart,10.38288080795591,3,FALSE,10.462142354890867,3,FALSE
BikeSharing,cartsyn,synmc4,cart,RMSE,cartpred,cart,14.70229283769005,3,FALSE,14.98901997198783,3,FALSE
BikeSharing,cartsyn,synmc4,cart,R_squared,cartpred,cart,0.9936107384208976,3,FALSE,0.9931657430548586,3,FALSE
BikeSharing,cartsyn,synmc4,cart,MAE,svmpred,svm,8.236562009066395,2,FALSE,7.740144028949741,2,FALSE
BikeSharing,cartsyn,synmc4,cart,RMSE,svmpred,svm,11.204896219378359,2,FALSE,9.823605555219633,2,FALSE
BikeSharing,cartsyn,synmc4,cart,R_squared,svmpred,svm,0.996288918131698,2,FALSE,0.9970645394147465,2,FALSE
BikeSharing,cartsyn,synmc5,cart,MAE,parmpred,parm,4.139526147118396,1,TRUE,4.272895074429231,1,TRUE
BikeSharing,cartsyn,synmc5,cart,RMSE,parmpred,parm,7.060544262125631,1,TRUE,5.450648130756346,1,TRUE
BikeSharing,cartsyn,synmc5,cart,R_squared,parmpred,parm,0.9984917968699122,1,TRUE,0.9990968193606733,1,TRUE
BikeSharing,cartsyn,synmc5,cart,MAE,cartpred,cart,10.441521331389783,3,FALSE,10.462142354890867,3,FALSE
BikeSharing,cartsyn,synmc5,cart,RMSE,cartpred,cart,15.095181141481286,3,FALSE,14.98901997198783,3,FALSE
BikeSharing,cartsyn,synmc5,cart,R_squared,cartpred,cart,0.9931174063902065,3,FALSE,0.9931657430548586,3,FALSE
BikeSharing,cartsyn,synmc5,cart,MAE,svmpred,svm,8.233548293408198,2,FALSE,7.740144028949741,2,FALSE
BikeSharing,cartsyn,synmc5,cart,RMSE,svmpred,svm,11.128834765100272,2,FALSE,9.823605555219633,2,FALSE
BikeSharing,cartsyn,synmc5,cart,R_squared,svmpred,svm,0.9962594163954299,2,FALSE,0.9970645394147465,2,FALSE
BikeSharing,svmsyn,synmc1,svm,MAE,parmpred,parm,13.76809448871696,3,FALSE,4.272895074429231,1,TRUE
BikeSharing,svmsyn,synmc1,svm,RMSE,parmpred,parm,18.417462747905038,3,FALSE,5.450648130756346,1,TRUE
BikeSharing,svmsyn,synmc1,svm,R_squared,parmpred,parm,0.9754483673551954,3,FALSE,0.9990968193606733,1,TRUE
BikeSharing,svmsyn,synmc1,svm,MAE,cartpred,cart,10.529962497197888,2,FALSE,10.462142354890867,3,FALSE
BikeSharing,svmsyn,synmc1,svm,RMSE,cartpred,cart,14.328072242984373,1,TRUE,14.98901997198783,3,FALSE
BikeSharing,svmsyn,synmc1,svm,R_squared,cartpred,cart,0.9851357553310804,1,TRUE,0.9931657430548586,3,FALSE
BikeSharing,svmsyn,synmc1,svm,MAE,svmpred,svm,8.565567358925849,1,TRUE,7.740144028949741,2,FALSE
BikeSharing,svmsyn,synmc1,svm,RMSE,svmpred,svm,14.93930373809161,2,FALSE,9.823605555219633,2,FALSE
BikeSharing,svmsyn,synmc1,svm,R_squared,svmpred,svm,0.9834543030114595,2,FALSE,0.9970645394147465,2,FALSE
BikeSharing,svmsyn,synmc2,svm,MAE,parmpred,parm,14.032775027319895,3,FALSE,4.272895074429231,1,TRUE
BikeSharing,svmsyn,synmc2,svm,RMSE,parmpred,parm,18.87978060614846,3,FALSE,5.450648130756346,1,TRUE
BikeSharing,svmsyn,synmc2,svm,R_squared,parmpred,parm,0.9736639337432459,3,FALSE,0.9990968193606733,1,TRUE
BikeSharing,svmsyn,synmc2,svm,MAE,cartpred,cart,10.431304591293411,2,FALSE,10.462142354890867,3,FALSE
BikeSharing,svmsyn,synmc2,svm,RMSE,cartpred,cart,14.289408848072313,1,TRUE,14.98901997198783,3,FALSE
BikeSharing,svmsyn,synmc2,svm,R_squared,cartpred,cart,0.9848885337388702,1,TRUE,0.9931657430548586,3,FALSE
BikeSharing,svmsyn,synmc2,svm,MAE,svmpred,svm,10.062992295951682,1,TRUE,7.740144028949741,2,FALSE
BikeSharing,svmsyn,synmc2,svm,RMSE,svmpred,svm,16.10234377697647,2,FALSE,9.823605555219633,2,FALSE
BikeSharing,svmsyn,synmc2,svm,R_squared,svmpred,svm,0.9807349278812206,2,FALSE,0.9970645394147465,2,FALSE
BikeSharing,svmsyn,synmc3,svm,MAE,parmpred,parm,14.07934145820641,3,FALSE,4.272895074429231,1,TRUE
BikeSharing,svmsyn,synmc3,svm,RMSE,parmpred,parm,18.909946315586083,3,FALSE,5.450648130756346,1,TRUE
BikeSharing,svmsyn,synmc3,svm,R_squared,parmpred,parm,0.9746561334018817,3,FALSE,0.9990968193606733,1,TRUE
BikeSharing,svmsyn,synmc3,svm,MAE,cartpred,cart,10.514304354253484,2,FALSE,10.462142354890867,3,FALSE
BikeSharing,svmsyn,synmc3,svm,RMSE,cartpred,cart,14.511561459577182,2,FALSE,14.98901997198783,3,FALSE
BikeSharing,svmsyn,synmc3,svm,R_squared,cartpred,cart,0.9850578148397655,2,FALSE,0.9931657430548586,3,FALSE
BikeSharing,svmsyn,synmc3,svm,MAE,svmpred,svm,7.9983083002301205,1,TRUE,7.740144028949741,2,FALSE
BikeSharing,svmsyn,synmc3,svm,RMSE,svmpred,svm,13.84174430053038,1,TRUE,9.823605555219633,2,FALSE
BikeSharing,svmsyn,synmc3,svm,R_squared,svmpred,svm,0.9862292090175295,1,TRUE,0.9970645394147465,2,FALSE
BikeSharing,svmsyn,synmc4,svm,MAE,parmpred,parm,14.01163544292766,3,FALSE,4.272895074429231,1,TRUE
BikeSharing,svmsyn,synmc4,svm,RMSE,parmpred,parm,18.816501238384177,3,FALSE,5.450648130756346,1,TRUE
BikeSharing,svmsyn,synmc4,svm,R_squared,parmpred,parm,0.9741532740579948,3,FALSE,0.9990968193606733,1,TRUE
BikeSharing,svmsyn,synmc4,svm,MAE,cartpred,cart,10.348308537759154,2,FALSE,10.462142354890867,3,FALSE
BikeSharing,svmsyn,synmc4,svm,RMSE,cartpred,cart,14.507907199325128,1,TRUE,14.98901997198783,3,FALSE
BikeSharing,svmsyn,synmc4,svm,R_squared,cartpred,cart,0.9846588649014248,1,TRUE,0.9931657430548586,3,FALSE
BikeSharing,svmsyn,synmc4,svm,MAE,svmpred,svm,8.975225112344726,1,TRUE,7.740144028949741,2,FALSE
BikeSharing,svmsyn,synmc4,svm,RMSE,svmpred,svm,15.026421937402672,2,FALSE,9.823605555219633,2,FALSE
BikeSharing,svmsyn,synmc4,svm,R_squared,svmpred,svm,0.9833912867900872,2,FALSE,0.9970645394147465,2,FALSE
BikeSharing,svmsyn,synmc5,svm,MAE,parmpred,parm,13.897274430769546,3,FALSE,4.272895074429231,1,TRUE
BikeSharing,svmsyn,synmc5,svm,RMSE,parmpred,parm,18.604561886295357,3,FALSE,5.450648130756346,1,TRUE
BikeSharing,svmsyn,synmc5,svm,R_squared,parmpred,parm,0.9749676681738854,3,FALSE,0.9990968193606733,1,TRUE
BikeSharing,svmsyn,synmc5,svm,MAE,cartpred,cart,10.474030927098493,2,FALSE,10.462142354890867,3,FALSE
BikeSharing,svmsyn,synmc5,svm,RMSE,cartpred,cart,14.433958219453023,2,FALSE,14.98901997198783,3,FALSE
BikeSharing,svmsyn,synmc5,svm,R_squared,cartpred,cart,0.9848549135006759,2,FALSE,0.9931657430548586,3,FALSE
BikeSharing,svmsyn,synmc5,svm,MAE,svmpred,svm,7.931162790467225,1,TRUE,7.740144028949741,2,FALSE
BikeSharing,svmsyn,synmc5,svm,RMSE,svmpred,svm,14.242437479610405,1,TRUE,9.823605555219633,2,FALSE
BikeSharing,svmsyn,synmc5,svm,R_squared,svmpred,svm,0.9852130785734801,1,TRUE,0.9970645394147465,2,FALSE
GermanCredit,parmsyn,synmc1,parm,Accuracy,parmpred,parm,0.7380024250606265,1,TRUE,0.752,1,TRUE
GermanCredit,parmsyn,synmc1,parm,Specificity,parmpred,parm,0.33557377049180326,2,FALSE,0.41,2,FALSE
GermanCredit,parmsyn,synmc1,parm,F1,parmpred,parm,0.8290548291655687,1,TRUE,0.8351740191677298,1,TRUE
GermanCredit,parmsyn,synmc1,parm,Accuracy,cartpred,cart,0.6809769994249856,4,FALSE,0.71,3,FALSE
GermanCredit,parmsyn,synmc1,parm,Specificity,cartpred,cart,0.8117471736896197,1,TRUE,0.8242857142857143,1,TRUE
GermanCredit,parmsyn,synmc1,parm,F1,cartpred,cart,0.41832005057623894,4,FALSE,0.4774133855664488,4,FALSE
GermanCredit,parmsyn,synmc1,parm,Accuracy,bnpred,bn,0.7051579362543829,2,FALSE,0.7344461071218723,2,FALSE
GermanCredit,parmsyn,synmc1,parm,Specificity,bnpred,bn,0.19637769750856718,3,FALSE,0.3683704832188329,3,FALSE
GermanCredit,parmsyn,synmc1,parm,F1,bnpred,bn,0.8140004800691633,3,FALSE,0.8247093190131327,2,FALSE
GermanCredit,parmsyn,synmc1,parm,Accuracy,svmpred,svm,0.6950019750493762,3,FALSE,0.698,4,FALSE
GermanCredit,parmsyn,synmc1,parm,Specificity,svmpred,svm,0,4,FALSE,0.023333333333333334,4,FALSE
GermanCredit,parmsyn,synmc1,parm,F1,svmpred,svm,0.8200571236079263,2,FALSE,0.8205519244734931,3,FALSE
GermanCredit,parmsyn,synmc2,parm,Accuracy,parmpred,parm,0.7290074001850047,1,TRUE,0.752,1,TRUE
GermanCredit,parmsyn,synmc2,parm,Specificity,parmpred,parm,0.3072448439978847,3,FALSE,0.41,2,FALSE
GermanCredit,parmsyn,synmc2,parm,F1,parmpred,parm,0.8237625587523468,1,TRUE,0.8351740191677298,1,TRUE
GermanCredit,parmsyn,synmc2,parm,Accuracy,cartpred,cart,0.7050918772969323,3,FALSE,0.71,3,FALSE
GermanCredit,parmsyn,synmc2,parm,Specificity,cartpred,cart,0.8235741841309561,1,TRUE,0.8242857142857143,1,TRUE
GermanCredit,parmsyn,synmc2,parm,F1,cartpred,cart,0.4788079206655058,4,FALSE,0.4774133855664488,4,FALSE
GermanCredit,parmsyn,synmc2,parm,Accuracy,bnpred,bn,0.717958477621217,2,FALSE,0.7344461071218723,2,FALSE
GermanCredit,parmsyn,synmc2,parm,Specificity,bnpred,bn,0.3273241671073506,2,FALSE,0.3683704832188329,3,FALSE
GermanCredit,parmsyn,synmc2,parm,F1,bnpred,bn,0.8140096124671867,3,FALSE,0.8247093190131327,2,FALSE
GermanCredit,parmsyn,synmc2,parm,Accuracy,svmpred,svm,0.6920220255506387,4,FALSE,0.698,4,FALSE
GermanCredit,parmsyn,synmc2,parm,Specificity,svmpred,svm,0.02924378635642517,4,FALSE,0.023333333333333334,4,FALSE
GermanCredit,parmsyn,synmc2,parm,F1,svmpred,svm,0.8159826140514737,2,FALSE,0.8205519244734931,3,FALSE
GermanCredit,parmsyn,synmc3,parm,Accuracy,parmpred,parm,0.7299869996749919,1,TRUE,0.752,1,TRUE
GermanCredit,parmsyn,synmc3,parm,Specificity,parmpred,parm,0.3107350608143839,3,FALSE,0.41,2,FALSE
GermanCredit,parmsyn,synmc3,parm,F1,parmpred,parm,0.8243928616569277,1,TRUE,0.8351740191677298,1,TRUE
GermanCredit,parmsyn,synmc3,parm,Accuracy,cartpred,cart,0.7009821245531138,3,FALSE,0.71,3,FALSE
GermanCredit,parmsyn,synmc3,parm,Specificity,cartpred,cart,0.8573558544468773,2,FALSE,0.8242857142857143,1,TRUE
GermanCredit,parmsyn,synmc3,parm,F1,cartpred,cart,0.4162513421206581,3,FALSE,0.4774133855664488,4,FALSE
GermanCredit,parmsyn,synmc3,parm,Accuracy,bnpred,bn,0.7056104634397806,2,FALSE,0.7344461071218723,2,FALSE
GermanCredit,parmsyn,synmc3,parm,Specificity,bnpred,bn,0.8835337591744514,1,TRUE,0.3683704832188329,3,FALSE
GermanCredit,parmsyn,synmc3,parm,F1,bnpred,bn,0.34793996192235915,4,FALSE,0.8247093190131327,2,FALSE
GermanCredit,parmsyn,synmc3,parm,Accuracy,svmpred,svm,0.6920019250481262,4,FALSE,0.698,4,FALSE
GermanCredit,parmsyn,synmc3,parm,Specificity,svmpred,svm,0.006557377049180328,4,FALSE,0.023333333333333334,4,FALSE
GermanCredit,parmsyn,synmc3,parm,F1,svmpred,svm,0.8175133923314968,2,FALSE,0.8205519244734931,3,FALSE
GermanCredit,parmsyn,synmc4,parm,Accuracy,parmpred,parm,0.7620129753243831,1,TRUE,0.752,1,TRUE
GermanCredit,parmsyn,synmc4,parm,Specificity,parmpred,parm,0.4622843822843823,3,FALSE,0.41,2,FALSE
GermanCredit,parmsyn,synmc4,parm,F1,parmpred,parm,0.8365707553252282,1,TRUE,0.8351740191677298,1,TRUE
GermanCredit,parmsyn,synmc4,parm,Accuracy,cartpred,cart,0.6709821245531139,4,FALSE,0.71,3,FALSE
GermanCredit,parmsyn,synmc4,parm,Specificity,cartpred,cart,0.8375566611387507,1,TRUE,0.8242857142857143,1,TRUE
GermanCredit,parmsyn,synmc4,parm,F1,cartpred,cart,0.393950829963403,4,FALSE,0.4774133855664488,4,FALSE
GermanCredit,parmsyn,synmc4,parm,Accuracy,bnpred,bn,0.7234803204165156,2,FALSE,0.7344461071218723,2,FALSE
GermanCredit,parmsyn,synmc4,parm,Specificity,bnpred,bn,0.4633033633033633,2,FALSE,0.3683704832188329,3,FALSE
GermanCredit,parmsyn,synmc4,parm,F1,bnpred,bn,0.8053376263722158,2,FALSE,0.8247093190131327,2,FALSE
GermanCredit,parmsyn,synmc4,parm,Accuracy,svmpred,svm,0.670996699917498,3,FALSE,0.698,4,FALSE
GermanCredit,parmsyn,synmc4,parm,Specificity,svmpred,svm,0.02428904428904429,4,FALSE,0.023333333333333334,4,FALSE
GermanCredit,parmsyn,synmc4,parm,F1,svmpred,svm,0.8011746796118054,3,FALSE,0.8205519244734931,3,FALSE
GermanCredit,parmsyn,synmc5,parm,Accuracy,parmpred,parm,0.7320170004250106,1,TRUE,0.752,1,TRUE
GermanCredit,parmsyn,synmc5,parm,Specificity,parmpred,parm,0.22014519056261342,2,FALSE,0.41,2,FALSE
GermanCredit,parmsyn,synmc5,parm,F1,parmpred,parm,0.8329635604567263,1,TRUE,0.8351740191677298,1,TRUE
GermanCredit,parmsyn,synmc5,parm,Accuracy,cartpred,cart,0.7140619265481637,2,FALSE,0.71,3,FALSE
GermanCredit,parmsyn,synmc5,parm,Specificity,cartpred,cart,0.8725401359204176,1,TRUE,0.8242857142857143,1,TRUE
GermanCredit,parmsyn,synmc5,parm,F1,cartpred,cart,0.38583356744057434,4,FALSE,0.4774133855664488,4,FALSE
GermanCredit,parmsyn,synmc5,parm,Accuracy,bnpred,bn,0.711143327439092,3,FALSE,0.7344461071218723,2,FALSE
GermanCredit,parmsyn,synmc5,parm,Specificity,bnpred,bn,0.108128078817734,3,FALSE,0.3683704832188329,3,FALSE
GermanCredit,parmsyn,synmc5,parm,F1,bnpred,bn,0.8238939778171509,3,FALSE,0.8247093190131327,2,FALSE
GermanCredit,parmsyn,synmc5,parm,Accuracy,svmpred,svm,0.7080071001775045,4,FALSE,0.698,4,FALSE
GermanCredit,parmsyn,synmc5,parm,Specificity,svmpred,svm,0.0069570477918935265,4,FALSE,0.023333333333333334,4,FALSE
GermanCredit,parmsyn,synmc5,parm,F1,svmpred,svm,0.8285877442724052,2,FALSE,0.8205519244734931,3,FALSE
GermanCredit,cartsyn,synmc1,cart,Accuracy,parmpred,parm,0.722,3,FALSE,0.752,1,TRUE
GermanCredit,cartsyn,synmc1,cart,Specificity,parmpred,parm,0.2576271186440678,3,FALSE,0.41,2,FALSE
GermanCredit,cartsyn,synmc1,cart,F1,parmpred,parm,0.8228823959123635,1,TRUE,0.8351740191677298,1,TRUE
GermanCredit,cartsyn,synmc1,cart,Accuracy,cartpred,cart,0.726,2,FALSE,0.71,3,FALSE
GermanCredit,cartsyn,synmc1,cart,Specificity,cartpred,cart,0.8595744680851064,2,FALSE,0.8242857142857143,1,TRUE
GermanCredit,cartsyn,synmc1,cart,F1,cartpred,cart,0.4657972266787984,4,FALSE,0.4774133855664488,4,FALSE
GermanCredit,cartsyn,synmc1,cart,Accuracy,bnpred,bn,0.7338298464766498,1,TRUE,0.7344461071218723,2,FALSE
GermanCredit,cartsyn,synmc1,cart,Specificity,bnpred,bn,0.8630741611361133,1,TRUE,0.3683704832188329,3,FALSE
GermanCredit,cartsyn,synmc1,cart,F1,bnpred,bn,0.4757580270564019,3,FALSE,0.8247093190131327,2,FALSE
GermanCredit,cartsyn,synmc1,cart,Accuracy,svmpred,svm,0.693,4,FALSE,0.698,4,FALSE
GermanCredit,cartsyn,synmc1,cart,Specificity,svmpred,svm,0.01694915254237288,4,FALSE,0.023333333333333334,4,FALSE
GermanCredit,cartsyn,synmc1,cart,F1,svmpred,svm,0.8170694711295378,2,FALSE,0.8205519244734931,3,FALSE
GermanCredit,cartsyn,synmc2,cart,Accuracy,parmpred,parm,0.7340471511787795,3,FALSE,0.752,1,TRUE
GermanCredit,cartsyn,synmc2,cart,Specificity,parmpred,parm,0.3512896825396825,3,FALSE,0.41,2,FALSE
GermanCredit,cartsyn,synmc2,cart,F1,parmpred,parm,0.8234541510471689,1,TRUE,0.8351740191677298,1,TRUE
GermanCredit,cartsyn,synmc2,cart,Accuracy,cartpred,cart,0.7490375009375234,1,TRUE,0.71,3,FALSE
GermanCredit,cartsyn,synmc2,cart,Specificity,cartpred,cart,0.869332331472735,1,TRUE,0.8242857142857143,1,TRUE
GermanCredit,cartsyn,synmc2,cart,F1,cartpred,cart,0.5507302403251932,4,FALSE,0.4774133855664488,4,FALSE
GermanCredit,cartsyn,synmc2,cart,Accuracy,bnpred,bn,0.7342889863249393,2,FALSE,0.7344461071218723,2,FALSE
GermanCredit,cartsyn,synmc2,cart,Specificity,bnpred,bn,0.5265840489201145,2,FALSE,0.3683704832188329,3,FALSE
GermanCredit,cartsyn,synmc2,cart,F1,bnpred,bn,0.810373710274451,2,FALSE,0.8247093190131327,2,FALSE
GermanCredit,cartsyn,synmc2,cart,Accuracy,svmpred,svm,0.6870020250506262,4,FALSE,0.698,4,FALSE
GermanCredit,cartsyn,synmc2,cart,Specificity,svmpred,svm,0.13804563492063493,4,FALSE,0.023333333333333334,4,FALSE
GermanCredit,cartsyn,synmc2,cart,F1,svmpred,svm,0.8042925427566843,3,FALSE,0.8205519244734931,3,FALSE
GermanCredit,cartsyn,synmc3,cart,Accuracy,parmpred,parm,0.7340275006875172,2,FALSE,0.752,1,TRUE
GermanCredit,cartsyn,synmc3,cart,Specificity,parmpred,parm,0.30695704779189353,3,FALSE,0.41,2,FALSE
GermanCredit,cartsyn,synmc3,cart,F1,parmpred,parm,0.8289234848516028,2,FALSE,0.8351740191677298,1,TRUE
GermanCredit,cartsyn,synmc3,cart,Accuracy,cartpred,cart,0.7569528238205955,1,TRUE,0.71,3,FALSE
GermanCredit,cartsyn,synmc3,cart,Specificity,cartpred,cart,0.8764995567812469,1,TRUE,0.8242857142857143,1,TRUE
GermanCredit,cartsyn,synmc3,cart,F1,cartpred,cart,0.5208428369718692,4,FALSE,0.4774133855664488,4,FALSE
GermanCredit,cartsyn,synmc3,cart,Accuracy,bnpred,bn,0.7287830483009055,3,FALSE,0.7344461071218723,2,FALSE
GermanCredit,cartsyn,synmc3,cart,Specificity,bnpred,bn,0.3559375712007291,2,FALSE,0.3683704832188329,3,FALSE
GermanCredit,cartsyn,synmc3,cart,F1,bnpred,bn,0.8218941405740847,3,FALSE,0.8247093190131327,2,FALSE
GermanCredit,cartsyn,synmc3,cart,Accuracy,svmpred,svm,0.7260173004325108,4,FALSE,0.698,4,FALSE
GermanCredit,cartsyn,synmc3,cart,Specificity,svmpred,svm,0.10810647307924985,4,FALSE,0.023333333333333334,4,FALSE
GermanCredit,cartsyn,synmc3,cart,F1,svmpred,svm,0.8353594682260616,1,TRUE,0.8205519244734931,3,FALSE
GermanCredit,cartsyn,synmc4,cart,Accuracy,parmpred,parm,0.766,1,TRUE,0.752,1,TRUE
GermanCredit,cartsyn,synmc4,cart,Specificity,parmpred,parm,0.2909090909090909,3,FALSE,0.41,2,FALSE
GermanCredit,cartsyn,synmc4,cart,F1,parmpred,parm,0.854303551874436,1,TRUE,0.8351740191677298,1,TRUE
GermanCredit,cartsyn,synmc4,cart,Accuracy,cartpred,cart,0.759,2,FALSE,0.71,3,FALSE
GermanCredit,cartsyn,synmc4,cart,Specificity,cartpred,cart,0.9062068965517242,2,FALSE,0.8242857142857143,1,TRUE
GermanCredit,cartsyn,synmc4,cart,F1,cartpred,cart,0.45846656595960134,3,FALSE,0.4774133855664488,4,FALSE
GermanCredit,cartsyn,synmc4,cart,Accuracy,bnpred,bn,0.7408814481124796,3,FALSE,0.7344461071218723,2,FALSE
GermanCredit,cartsyn,synmc4,cart,Specificity,bnpred,bn,0.9218603044465113,1,TRUE,0.3683704832188329,3,FALSE
GermanCredit,cartsyn,synmc4,cart,F1,bnpred,bn,0.34172964853573184,4,FALSE,0.8247093190131327,2,FALSE
GermanCredit,cartsyn,synmc4,cart,Accuracy,svmpred,svm,0.725,4,FALSE,0.698,4,FALSE
GermanCredit,cartsyn,synmc4,cart,Specificity,svmpred,svm,0.03636363636363636,4,FALSE,0.023333333333333334,4,FALSE
GermanCredit,cartsyn,synmc4,cart,F1,svmpred,svm,0.8386703678239982,2,FALSE,0.8205519244734931,3,FALSE
GermanCredit,cartsyn,synmc5,cart,Accuracy,parmpred,parm,0.735,2,FALSE,0.752,1,TRUE
GermanCredit,cartsyn,synmc5,cart,Specificity,parmpred,parm,0.23609022556390977,3,FALSE,0.41,2,FALSE
GermanCredit,cartsyn,synmc5,cart,F1,parmpred,parm,0.8343218334633131,1,TRUE,0.8351740191677298,1,TRUE
GermanCredit,cartsyn,synmc5,cart,Accuracy,cartpred,cart,0.753,1,TRUE,0.71,3,FALSE
GermanCredit,cartsyn,synmc5,cart,Specificity,cartpred,cart,0.8882478632478632,1,TRUE,0.8242857142857143,1,TRUE
GermanCredit,cartsyn,synmc5,cart,F1,cartpred,cart,0.48334665768191576,4,FALSE,0.4774133855664488,4,FALSE
GermanCredit,cartsyn,synmc5,cart,Accuracy,bnpred,bn,0.7328750727119251,3,FALSE,0.7344461071218723,2,FALSE
GermanCredit,cartsyn,synmc5,cart,Specificity,bnpred,bn,0.2773591632193186,2,FALSE,0.3683704832188329,3,FALSE
GermanCredit,cartsyn,synmc5,cart,F1,bnpred,bn,0.8310647608457216,2,FALSE,0.8247093190131327,2,FALSE
GermanCredit,cartsyn,synmc5,cart,Accuracy,svmpred,svm,0.71,4,FALSE,0.698,4,FALSE
GermanCredit,cartsyn,synmc5,cart,Specificity,svmpred,svm,0.017543859649122806,4,FALSE,0.023333333333333334,4,FALSE
GermanCredit,cartsyn,synmc5,cart,F1,svmpred,svm,0.8292012955628776,3,FALSE,0.8205519244734931,3,FALSE
GermanCredit,bnsyn,synmc1,bn,Accuracy,parmpred,parm,0.7280494262356559,3,FALSE,0.752,1,TRUE
GermanCredit,bnsyn,synmc1,bn,Specificity,parmpred,parm,0.4324287652645862,4,FALSE,0.41,2,FALSE
GermanCredit,bnsyn,synmc1,bn,F1,parmpred,parm,0.81087464309580215,3,FALSE,0.8351740191677298,1,TRUE
GermanCredit,bnsyn,synmc1,bn,Accuracy,cartpred,cart,0.6970539013475336,4,FALSE,0.71,3,FALSE
GermanCredit,bnsyn,synmc1,bn,Specificity,cartpred,cart,0.8306811805633486,1,TRUE,0.8242857142857143,1,TRUE
GermanCredit,bnsyn,synmc1,bn,F1,cartpred,cart,0.4820809487348429,4,FALSE,0.4774133855664488,4,FALSE
GermanCredit,bnsyn,synmc1,bn,Accuracy,bnpred,bn,0.7451724329171755,1,TRUE,0.7344461071218723,2,FALSE
GermanCredit,bnsyn,synmc1,bn,Specificity,bnpred,bn,0.48927301864801864,2,FALSE,0.3683704832188329,3,FALSE
GermanCredit,bnsyn,synmc1,bn,F1,bnpred,bn,0.8208961433880977,1,TRUE,0.8247093190131327,2,FALSE
GermanCredit,bnsyn,synmc1,bn,Accuracy,svmpred,svm,0.7350694767369185,2,FALSE,0.698,4,FALSE
GermanCredit,bnsyn,synmc1,bn,Specificity,svmpred,svm,0.47467209407507915,3,FALSE,0.023333333333333334,4,FALSE
GermanCredit,bnsyn,synmc1,bn,F1,svmpred,svm,0.8129990422809703,2,FALSE,0.8205519244734931,3,FALSE
GermanCredit,bnsyn,synmc2,bn,Accuracy,parmpred,parm,0.759,1,TRUE,0.752,1,TRUE
GermanCredit,bnsyn,synmc2,bn,Specificity,parmpred,parm,0.439344262295082,3,FALSE,0.41,2,FALSE
GermanCredit,bnsyn,synmc2,bn,F1,parmpred,parm,0.838096682629035,1,TRUE,0.8351740191677298,1,TRUE
GermanCredit,bnsyn,synmc2,bn,Accuracy,cartpred,cart,0.716,4,FALSE,0.71,3,FALSE
GermanCredit,bnsyn,synmc2,bn,Specificity,cartpred,cart,0.841726618705036,1,TRUE,0.8242857142857143,1,TRUE
GermanCredit,bnsyn,synmc2,bn,F1,cartpred,cart,0.4765121219337937,4,FALSE,0.4774133855664488,4,FALSE
GermanCredit,bnsyn,synmc2,bn,Accuracy,bnpred,bn,0.7477599944544386,2,FALSE,0.7344461071218723,2,FALSE
GermanCredit,bnsyn,synmc2,bn,Specificity,bnpred,bn,0.4648633879781421,2,FALSE,0.3683704832188329,3,FALSE
GermanCredit,bnsyn,synmc2,bn,F1,bnpred,bn,0.8272954638998923,2,FALSE,0.8247093190131327,2,FALSE
GermanCredit,bnsyn,synmc2,bn,Accuracy,svmpred,svm,0.732,3,FALSE,0.698,4,FALSE
GermanCredit,bnsyn,synmc2,bn,Specificity,svmpred,svm,0.43934426229508194,4,FALSE,0.023333333333333334,4,FALSE
GermanCredit,bnsyn,synmc2,bn,F1,svmpred,svm,0.8163889562956612,3,FALSE,0.8205519244734931,3,FALSE
GermanCredit,bnsyn,synmc3,bn,Accuracy,parmpred,parm,0.7599751993799845,1,TRUE,0.752,1,TRUE
GermanCredit,bnsyn,synmc3,bn,Specificity,parmpred,parm,0.3489187609585038,4,FALSE,0.41,2,FALSE
GermanCredit,bnsyn,synmc3,bn,F1,parmpred,parm,0.8457883596454872,1,TRUE,0.8351740191677298,1,TRUE
GermanCredit,bnsyn,synmc3,bn,Accuracy,cartpred,cart,0.7140443011075277,4,FALSE,0.71,3,FALSE
GermanCredit,bnsyn,synmc3,bn,Specificity,cartpred,cart,0.8545000499450605,1,TRUE,0.8242857142857143,1,TRUE
GermanCredit,bnsyn,synmc3,bn,F1,cartpred,cart,0.4255088477704329,4,FALSE,0.4774133855664488,4,FALSE
GermanCredit,bnsyn,synmc3,bn,Accuracy,bnpred,bn,0.7551552304336292,2,FALSE,0.7344461071218723,2,FALSE
GermanCredit,bnsyn,synmc3,bn,Specificity,bnpred,bn,0.39834146494763556,2,FALSE,0.3683704832188329,3,FALSE
GermanCredit,bnsyn,synmc3,bn,F1,bnpred,bn,0.8392049524883402,2,FALSE,0.8247093190131327,2,FALSE
GermanCredit,bnsyn,synmc3,bn,Accuracy,svmpred,svm,0.7430098752468812,3,FALSE,0.698,4,FALSE
GermanCredit,bnsyn,synmc3,bn,Specificity,svmpred,svm,0.3526592635885447,3,FALSE,0.023333333333333334,4,FALSE
GermanCredit,bnsyn,synmc3,bn,F1,svmpred,svm,0.832769788652475,3,FALSE,0.8205519244734931,3,FALSE
GermanCredit,bnsyn,synmc4,bn,Accuracy,parmpred,parm,0.7480150503762594,1,TRUE,0.752,1,TRUE
GermanCredit,bnsyn,synmc4,bn,Specificity,parmpred,parm,0.3442622950819672,3,FALSE,0.41,2,FALSE
GermanCredit,bnsyn,synmc4,bn,F1,parmpred,parm,0.8359907633187121,1,TRUE,0.8351740191677298,1,TRUE
GermanCredit,bnsyn,synmc4,bn,Accuracy,cartpred,cart,0.6949691242281058,4,FALSE,0.71,3,FALSE
GermanCredit,bnsyn,synmc4,bn,Specificity,cartpred,cart,0.8411010322177042,1,TRUE,0.8242857142857143,1,TRUE
GermanCredit,bnsyn,synmc4,bn,F1,cartpred,cart,0.41661699776259586,4,FALSE,0.4774133855664488,4,FALSE
GermanCredit,bnsyn,synmc4,bn,Accuracy,bnpred,bn,0.7294168621703142,2,FALSE,0.7344461071218723,2,FALSE
GermanCredit,bnsyn,synmc4,bn,Specificity,bnpred,bn,0.3763137908678337,2,FALSE,0.3683704832188329,3,FALSE
GermanCredit,bnsyn,synmc4,bn,F1,bnpred,bn,0.8195334090377611,2,FALSE,0.8247093190131327,2,FALSE
GermanCredit,bnsyn,synmc4,bn,Accuracy,svmpred,svm,0.715049476236906,3,FALSE,0.698,4,FALSE
GermanCredit,bnsyn,synmc4,bn,Specificity,svmpred,svm,0.3312004230565838,4,FALSE,0.023333333333333334,4,FALSE
GermanCredit,bnsyn,synmc4,bn,F1,svmpred,svm,0.8112143174332417,3,FALSE,0.8205519244734931,3,FALSE
GermanCredit,bnsyn,synmc5,bn,Accuracy,parmpred,parm,0.75,2,FALSE,0.752,1,TRUE
GermanCredit,bnsyn,synmc5,bn,Specificity,parmpred,parm,0.37333333333333335,3,FALSE,0.41,2,FALSE
GermanCredit,bnsyn,synmc5,bn,F1,parmpred,parm,0.8361929432373781,1,TRUE,0.8351740191677298,1,TRUE
GermanCredit,bnsyn,synmc5,bn,Accuracy,cartpred,cart,0.733,3,FALSE,0.71,3,FALSE
GermanCredit,bnsyn,synmc5,bn,Specificity,cartpred,cart,0.8814285714285715,2,FALSE,0.8242857142857143,1,TRUE
GermanCredit,bnsyn,synmc5,bn,F1,cartpred,cart,0.46592502689248505,4,FALSE,0.4774133855664488,4,FALSE
GermanCredit,bnsyn,synmc5,bn,Accuracy,bnpred,bn,0.755573384616558,1,TRUE,0.7344461071218723,2,FALSE
GermanCredit,bnsyn,synmc5,bn,Specificity,bnpred,bn,0.8902552271099655,1,TRUE,0.3683704832188329,3,FALSE
GermanCredit,bnsyn,synmc5,bn,F1,bnpred,bn,0.5141551960074056,3,FALSE,0.8247093190131327,2,FALSE
GermanCredit,bnsyn,synmc5,bn,Accuracy,svmpred,svm,0.729,4,FALSE,0.698,4,FALSE
GermanCredit,bnsyn,synmc5,bn,Specificity,svmpred,svm,0.33,4,FALSE,0.023333333333333334,4,FALSE
GermanCredit,bnsyn,synmc5,bn,F1,svmpred,svm,0.821915522220442,2,FALSE,0.8205519244734931,3,FALSE
GermanCredit,svmsyn,synmc1,svm,Accuracy,parmpred,parm,0.7209971999299982,1,TRUE,0.752,1,TRUE
GermanCredit,svmsyn,synmc1,svm,Specificity,parmpred,parm,0.007080200501253133,3,FALSE,0.41,2,FALSE
GermanCredit,svmsyn,synmc1,svm,F1,parmpred,parm,0.8375070725381718,1,TRUE,0.8351740191677298,1,TRUE
GermanCredit,svmsyn,synmc1,svm,Accuracy,cartpred,cart,0.6949969999249981,4,FALSE,0.71,3,FALSE
GermanCredit,svmsyn,synmc1,svm,Specificity,cartpred,cart,0.8428030303030303,1,TRUE,0.8242857142857143,1,TRUE
GermanCredit,svmsyn,synmc1,svm,F1,cartpred,cart,0.35781721585707044,4,FALSE,0.4774133855664488,4,FALSE
GermanCredit,svmsyn,synmc1,svm,Accuracy,bnpred,bn,0.7096195507451789,3,FALSE,0.7344461071218723,2,FALSE
GermanCredit,svmsyn,synmc1,svm,Specificity,bnpred,bn,0.036298701298701296,2,FALSE,0.3683704832188329,3,FALSE
GermanCredit,svmsyn,synmc1,svm,F1,bnpred,bn,0.8280847646583689,3,FALSE,0.8247093190131327,2,FALSE
GermanCredit,svmsyn,synmc1,svm,Accuracy,svmpred,svm,0.7190021750543764,2,FALSE,0.698,4,FALSE
GermanCredit,svmsyn,synmc1,svm,Specificity,svmpred,svm,0,4,FALSE,0.023333333333333334,4,FALSE
GermanCredit,svmsyn,synmc1,svm,F1,svmpred,svm,0.8365335651227833,2,FALSE,0.8205519244734931,3,FALSE
GermanCredit,svmsyn,synmc2,svm,Accuracy,parmpred,parm,0.713,2,FALSE,0.752,1,TRUE
GermanCredit,svmsyn,synmc2,svm,Specificity,parmpred,parm,0.02456140350877193,3,FALSE,0.41,2,FALSE
GermanCredit,svmsyn,synmc2,svm,F1,parmpred,parm,0.830872956184774,2,FALSE,0.8351740191677298,1,TRUE
GermanCredit,svmsyn,synmc2,svm,Accuracy,cartpred,cart,0.6920000000000001,4,FALSE,0.71,3,FALSE
GermanCredit,svmsyn,synmc2,svm,Specificity,cartpred,cart,0.8701825951825952,1,TRUE,0.8242857142857143,1,TRUE
GermanCredit,svmsyn,synmc2,svm,F1,cartpred,cart,0.29349206349206347,4,FALSE,0.4774133855664488,4,FALSE
GermanCredit,svmsyn,synmc2,svm,Accuracy,bnpred,bn,0.7074509116286531,3,FALSE,0.7344461071218723,2,FALSE
GermanCredit,svmsyn,synmc2,svm,Specificity,bnpred,bn,0.11334180218986574,2,FALSE,0.3683704832188329,3,FALSE
GermanCredit,svmsyn,synmc2,svm,F1,bnpred,bn,0.8215786142299989,3,FALSE,0.8247093190131327,2,FALSE
GermanCredit,svmsyn,synmc2,svm,Accuracy,svmpred,svm,0.717,1,TRUE,0.698,4,FALSE
GermanCredit,svmsyn,synmc2,svm,Specificity,svmpred,svm,0,4,FALSE,0.023333333333333334,4,FALSE
GermanCredit,svmsyn,synmc2,svm,F1,svmpred,svm,0.8351752661197369,1,TRUE,0.8205519244734931,3,FALSE
GermanCredit,svmsyn,synmc3,svm,Accuracy,parmpred,parm,0.7119971499287482,2,FALSE,0.752,1,TRUE
GermanCredit,svmsyn,synmc3,svm,Specificity,parmpred,parm,0.028009679370840895,3,FALSE,0.41,2,FALSE
GermanCredit,svmsyn,synmc3,svm,F1,parmpred,parm,0.8301321843223141,2,FALSE,0.8351740191677298,1,TRUE
GermanCredit,svmsyn,synmc3,svm,Accuracy,cartpred,cart,0.6610664516612915,4,FALSE,0.71,3,FALSE
GermanCredit,svmsyn,synmc3,svm,Specificity,cartpred,cart,0.8501428149315473,1,TRUE,0.8242857142857143,1,TRUE
GermanCredit,svmsyn,synmc3,svm,F1,cartpred,cart,0.2365809618255074,4,FALSE,0.4774133855664488,4,FALSE
GermanCredit,svmsyn,synmc3,svm,Accuracy,bnpred,bn,0.7150261498231041,1,TRUE,0.7344461071218723,2,FALSE
GermanCredit,svmsyn,synmc3,svm,Specificity,bnpred,bn,0,4,FALSE,0.3683704832188329,3,FALSE
GermanCredit,svmsyn,synmc3,svm,F1,bnpred,bn,0.8338243766910362,1,TRUE,0.8247093190131327,2,FALSE
GermanCredit,svmsyn,synmc3,svm,Accuracy,svmpred,svm,0.7099970999274982,3,FALSE,0.698,4,FALSE
GermanCredit,svmsyn,synmc3,svm,Specificity,svmpred,svm,0.05964912280701754,2,FALSE,0.023333333333333334,4,FALSE
GermanCredit,svmsyn,synmc3,svm,F1,svmpred,svm,0.8267372166793007,3,FALSE,0.8205519244734931,3,FALSE
GermanCredit,svmsyn,synmc4,svm,Accuracy,parmpred,parm,0.6939768994224855,3,FALSE,0.752,1,TRUE
GermanCredit,svmsyn,synmc4,svm,Specificity,parmpred,parm,0.023169398907103827,3,FALSE,0.41,2,FALSE
GermanCredit,svmsyn,synmc4,svm,F1,parmpred,parm,0.8177491390866771,2,FALSE,0.8351740191677298,1,TRUE
GermanCredit,svmsyn,synmc4,svm,Accuracy,cartpred,cart,0.6620167504187605,4,FALSE,0.71,3,FALSE
GermanCredit,svmsyn,synmc4,svm,Specificity,cartpred,cart,0.8046865364850977,2,FALSE,0.8242857142857143,1,TRUE
GermanCredit,svmsyn,synmc4,svm,F1,cartpred,cart,0.3696318850632583,3,FALSE,0.4774133855664488,4,FALSE
GermanCredit,svmsyn,synmc4,svm,Accuracy,bnpred,bn,0.6947236260588737,2,FALSE,0.7344461071218723,2,FALSE
GermanCredit,svmsyn,synmc4,svm,Specificity,bnpred,bn,0.959377664109122,1,TRUE,0.3683704832188329,3,FALSE
GermanCredit,svmsyn,synmc4,svm,F1,bnpred,bn,0.13857243299214714,4,FALSE,0.8247093190131327,2,FALSE
GermanCredit,svmsyn,synmc4,svm,Accuracy,svmpred,svm,0.6960019750493762,1,TRUE,0.698,4,FALSE
GermanCredit,svmsyn,synmc4,svm,Specificity,svmpred,svm,0,4,FALSE,0.023333333333333334,4,FALSE
GermanCredit,svmsyn,synmc4,svm,F1,svmpred,svm,0.8207553135505001,1,TRUE,0.8205519244734931,3,FALSE
GermanCredit,svmsyn,synmc5,svm,Accuracy,parmpred,parm,0.7090071001775045,1,TRUE,0.752,1,TRUE
GermanCredit,svmsyn,synmc5,svm,Specificity,parmpred,parm,0.033785310734463274,3,FALSE,0.41,2,FALSE
GermanCredit,svmsyn,synmc5,svm,F1,parmpred,parm,0.8276959876465514,1,TRUE,0.8351740191677298,1,TRUE
GermanCredit,svmsyn,synmc5,svm,Accuracy,cartpred,cart,0.6799670991774794,4,FALSE,0.71,3,FALSE
GermanCredit,svmsyn,synmc5,svm,Specificity,cartpred,cart,0.8480547112462006,2,FALSE,0.8242857142857143,1,TRUE
GermanCredit,svmsyn,synmc5,svm,F1,cartpred,cart,0.33359926937350104,3,FALSE,0.4774133855664488,4,FALSE
GermanCredit,svmsyn,synmc5,svm,Accuracy,bnpred,bn,0.7078354972833711,2,FALSE,0.7344461071218723,2,FALSE
GermanCredit,svmsyn,synmc5,svm,Specificity,bnpred,bn,0.99,1,TRUE,0.3683704832188329,3,FALSE
GermanCredit,svmsyn,synmc5,svm,F1,bnpred,bn,0.2597402597402597,4,FALSE,0.8247093190131327,2,FALSE
GermanCredit,svmsyn,synmc5,svm,Accuracy,svmpred,svm,0.7040020250506263,3,FALSE,0.698,4,FALSE
GermanCredit,svmsyn,synmc5,svm,Specificity,svmpred,svm,0,4,FALSE,0.023333333333333334,4,FALSE
GermanCredit,svmsyn,synmc5,svm,F1,svmpred,svm,0.8262917043991912,2,FALSE,0.8205519244734931,3,FALSE
