Data_Type,p,TargetType,Metric,Synth_Family,Pred_Family,same_family,n_clusters,estimate,std_error,conf_low,conf_high,p_boot
hierarchical,6,Categorical,Accuracy,bn,bn,TRUE,5,0.19478382528666388,0.023345276889517104,0.15778390673680856,0.2450117326881388,4e-4
hierarchical,6,Categorical,Accuracy,bn,cart,FALSE,5,-0.003969333772528498,6.913771675944235e-4,-0.005255069350878123,-0.002515006089018105,4e-4
hierarchical,6,Categorical,Accuracy,bn,parm,FALSE,5,0.2055813250740048,0.03539290737964397,0.1415534882853732,0.2788270782142208,4e-4
hierarchical,6,Categorical,Accuracy,bn,svm,FALSE,5,0.06944656970765013,0.016703559246146683,0.03906420512912791,0.10274607151601405,4e-4
hierarchical,6,Categorical,Accuracy,cart,bn,FALSE,5,0.0030028431850947818,0.0013646577687034278,4.572219021380015e-4,0.005548464468051562,0.0328
hierarchical,6,Categorical,Accuracy,cart,cart,TRUE,5,0,0,0,0,1
hierarchical,6,Categorical,Accuracy,cart,parm,FALSE,5,0.0030819600325386843,0.0012751684407375607,1.662397924140177e-4,0.004814941182894484,0.0136
hierarchical,6,Categorical,Accuracy,cart,svm,FALSE,5,2.2048637812379653e-4,7.80471325338627e-4,-0.0014022092317932094,0.0016555759119585673,0.7048
hierarchical,6,Categorical,Accuracy,parm,bn,FALSE,5,0.04330526282247306,0.03010748888056135,-0.012093793781022063,0.10026054038371739,0.1472
hierarchical,6,Categorical,Accuracy,parm,cart,FALSE,5,-0.04401301471078422,0.007995274686202546,-0.06048620122113173,-0.029838329155822442,4e-4
hierarchical,6,Categorical,Accuracy,parm,parm,TRUE,5,0.23922556017516564,0.038525669347914765,0.1702580636339296,0.31765221659383047,4e-4
hierarchical,6,Categorical,Accuracy,parm,svm,FALSE,5,0.05484851810746029,0.01405153842006456,0.0287437613584935,0.08272764219408406,4e-4
hierarchical,6,Categorical,Accuracy,svm,bn,FALSE,5,0.02920641745006344,0.029988566336096197,-0.038505927872735615,0.07969930599267533,0.3416
hierarchical,6,Categorical,Accuracy,svm,cart,FALSE,5,-0.006705068697209278,0.002364783261475136,-0.012080024880230295,-0.0036728608219555926,4e-4
hierarchical,6,Categorical,Accuracy,svm,parm,FALSE,5,0.07876935544371623,0.032290359628544665,0.014179329298361805,0.13912121116310464,0.0188
hierarchical,6,Categorical,Accuracy,svm,svm,TRUE,5,0.024077200032488914,0.020592989299005344,-0.017411235703364995,0.0663168770593032,0.2556
hierarchical,6,Categorical,F1,bn,bn,TRUE,5,0.1943550841367663,0.0267199150232137,0.14361694525554877,0.247302823726663,4e-4
hierarchical,6,Categorical,F1,bn,cart,FALSE,5,-0.0065707430929198155,0.0011363781631495843,-0.008929705717524817,-0.004476956738890937,4e-4
hierarchical,6,Categorical,F1,bn,parm,FALSE,5,0.21636701474210032,0.04060278985926098,0.14143632616044427,0.2976906168163121,4e-4
hierarchical,6,Categorical,F1,bn,svm,FALSE,5,0.06970548644168555,0.018069320358175302,0.03650125859933277,0.10593893860005109,4e-4
hierarchical,6,Categorical,F1,cart,bn,FALSE,5,7.520471642807684e-4,0.0030528827973244754,-0.00593942481913914,0.005856594851768616,0.7224
hierarchical,6,Categorical,F1,cart,cart,TRUE,5,0,0,0,0,1
hierarchical,6,Categorical,F1,cart,parm,FALSE,5,0.002799426315244385,0.0016957458390771877,-8.097676134334273e-4,0.005592315843536291,0.1176
hierarchical,6,Categorical,F1,cart,svm,FALSE,5,-1.1865241063162402e-4,0.0010001871689914186,-0.0019757069236895535,0.0019606469885365316,0.892
hierarchical,6,Categorical,F1,parm,bn,FALSE,5,-0.013669101177245974,0.029953357414279833,-0.07119677767906071,0.043858575324568765,0.59
hierarchical,6,Categorical,F1,parm,cart,FALSE,5,-0.06814334632499722,0.013964476551268574,-0.09543332284127669,-0.0442016891750767,4e-4
hierarchical,6,Categorical,F1,parm,parm,TRUE,5,0.24820878674241187,0.04397539303364969,0.16547824535862973,0.3371520520298003,4e-4
hierarchical,6,Categorical,F1,parm,svm,FALSE,5,0.04029211419358833,0.014875393706701854,0.011482558859487207,0.06910166952768945,0.0056
hierarchical,6,Categorical,F1,svm,bn,FALSE,5,0.02227495871655833,0.031135812003313605,-0.0435625510917261,0.07755480755003173,0.4716
hierarchical,6,Categorical,F1,svm,cart,FALSE,5,-0.007969532820395807,0.0030164203173052434,-0.014800002001240825,-0.00429123933920365,4e-4
hierarchical,6,Categorical,F1,svm,parm,FALSE,5,0.07978466606521509,0.033844917016462216,0.013748950308230888,0.14310818607787762,0.022
hierarchical,6,Categorical,F1,svm,svm,TRUE,5,0.026092516045159744,0.022225024399746985,-0.016554820661124455,0.07228390264781373,0.2288
hierarchical,6,Categorical,Specificity,bn,bn,TRUE,5,0.07264469990005654,0.017641523509701145,0.042050485218737214,0.10961853979331519,4e-4
hierarchical,6,Categorical,Specificity,bn,cart,FALSE,5,-0.007708764348349245,0.00463698362185385,-0.01808223744851996,-0.0015032482043477971,4e-4
hierarchical,6,Categorical,Specificity,bn,parm,FALSE,5,0.08954251988991412,0.015938152922136125,0.05991211645100581,0.11917292332882241,4e-4
hierarchical,6,Categorical,Specificity,bn,svm,FALSE,5,0.026721766985463413,0.007708382457308975,0.013157197829315702,0.042764499556741574,4e-4
hierarchical,6,Categorical,Specificity,cart,bn,FALSE,5,0.004934086185574007,0.002882276710077377,8.570704345584268e-4,0.011272364729637248,0.0016
hierarchical,6,Categorical,Specificity,cart,cart,TRUE,5,0,0,0,0,1
hierarchical,6,Categorical,Specificity,cart,parm,FALSE,5,0.004611279604086882,0.0024142192256323886,0.0011215557188481373,0.009931735455564228,4e-4
hierarchical,6,Categorical,Specificity,cart,svm,FALSE,5,-3.524518139401526e-4,4.2084505358083436e-4,-0.0011600566584886235,4.787732685804984e-4,0.4468
hierarchical,6,Categorical,Specificity,parm,bn,FALSE,5,0.014203608134605744,0.007444957553924304,0.0011770670460162064,0.029049273750880733,0.0368
hierarchical,6,Categorical,Specificity,parm,cart,FALSE,5,-0.024790591577200705,0.007855594117504989,-0.042131058501980984,-0.014485475930064207,4e-4
hierarchical,6,Categorical,Specificity,parm,parm,TRUE,5,0.10251551734718413,0.019104880435496824,0.06894240369892407,0.14019747909381472,4e-4
hierarchical,6,Categorical,Specificity,parm,svm,FALSE,5,0.005408374007789206,0.00563285011569235,-0.004592520439525146,0.01728549865604661,0.3452
hierarchical,6,Categorical,Specificity,svm,bn,FALSE,5,0.019398851545545263,0.015781047416967547,-0.013154600643150615,0.05164545266639354,0.2876
hierarchical,6,Categorical,Specificity,svm,cart,FALSE,5,-0.0019301412261180436,5.925403294039089e-4,-0.003069543314773416,-7.907391374626712e-4,4e-4
hierarchical,6,Categorical,Specificity,svm,parm,FALSE,5,0.03176359980550915,0.01298026735897086,0.00457942510875041,0.05256673269316739,0.0176
hierarchical,6,Categorical,Specificity,svm,svm,TRUE,5,0.007244206694393433,0.007703625805478027,-0.008972466077909191,0.02061356736034898,0.3672
hierarchical,6,Continuous,MAE,cart,cart,TRUE,5,0,0,0,0,1
hierarchical,6,Continuous,MAE,cart,parm,FALSE,5,0.0019353782378116352,0.001965568369057172,-0.0020578402079142353,0.0054763118389659785,0.3404
hierarchical,6,Continuous,MAE,cart,svm,FALSE,5,0.009179516025615153,0.003229724332414192,0.0028174700932874735,0.0155424169338529,0.0016
hierarchical,6,Continuous,MAE,parm,cart,FALSE,5,-0.0666141540217,0.011704408002488127,-0.08952099704876394,-0.044709314079560955,4e-4
hierarchical,6,Continuous,MAE,parm,parm,TRUE,5,0.721357647124973,0.042320624500624654,0.6310158885260779,0.7978324537581035,4e-4
hierarchical,6,Continuous,MAE,parm,svm,FALSE,5,0.4526711269671674,0.03634279330949829,0.38457469101617636,0.5217812466975137,4e-4
hierarchical,6,Continuous,MAE,svm,cart,FALSE,5,0,0,0,0,1
hierarchical,6,Continuous,MAE,svm,parm,FALSE,5,0.1017676603177463,0.01619198176480744,0.07464590416275896,0.13465737952834902,4e-4
hierarchical,6,Continuous,MAE,svm,svm,TRUE,5,0.13127521427603558,0.03783808054996712,0.05108516453560547,0.20337443280870673,0.0016
hierarchical,6,Continuous,RMSE,cart,cart,TRUE,5,0,0,0,0,1
hierarchical,6,Continuous,RMSE,cart,parm,FALSE,5,0.014715369716971063,0.005561979083126506,0.002500878676412782,0.02428088188583303,0.0188
hierarchical,6,Continuous,RMSE,cart,svm,FALSE,5,0.042128926660746455,0.015804350269575648,0.014401630092434854,0.0755468781659115,4e-4
hierarchical,6,Continuous,RMSE,parm,cart,FALSE,5,-0.06326417303406355,0.01306695759493979,-0.08858787749715721,-0.03850742647336005,4e-4
hierarchical,6,Continuous,RMSE,parm,parm,TRUE,5,0.6571234816468108,0.05295861562872723,0.5510329609826308,0.7569227488200851,4e-4
hierarchical,6,Continuous,RMSE,parm,svm,FALSE,5,0.4393534378358164,0.05206335449004662,0.33912394706807514,0.5387961802131863,4e-4
hierarchical,6,Continuous,RMSE,svm,cart,FALSE,5,0,0,0,0,1
hierarchical,6,Continuous,RMSE,svm,parm,FALSE,5,0.14675137723651344,0.012395523752233234,0.12468953536536087,0.17162540154751008,4e-4
hierarchical,6,Continuous,RMSE,svm,svm,TRUE,5,0.1989857180939799,0.04751105831421656,0.10220322871053733,0.27901670336765094,4e-4
hierarchical,6,Continuous,R_squared,cart,cart,TRUE,5,0,0,0,0,1
hierarchical,6,Continuous,R_squared,cart,parm,FALSE,5,0.0018067472352216135,0.0026033432873530755,-0.004114377563633972,0.00521127772266507,0.5152
hierarchical,6,Continuous,R_squared,cart,svm,FALSE,5,0.02506197697309302,0.015245045173639782,-0.0016988398185242947,0.05698618111841624,0.0508
hierarchical,6,Continuous,R_squared,parm,cart,FALSE,5,-0.121174152032627,0.02428648296061485,-0.16824293003612148,-0.07514530504079822,4e-4
hierarchical,6,Continuous,R_squared,parm,parm,TRUE,5,0.8127964633761823,0.04988205666113175,0.703046073820903,0.9010224052663847,4e-4
hierarchical,6,Continuous,R_squared,parm,svm,FALSE,5,0.5731454836461373,0.05372244470083687,0.4689120953733059,0.6738640728613344,4e-4
hierarchical,6,Continuous,R_squared,svm,cart,FALSE,5,0,0,0,0,1
hierarchical,6,Continuous,R_squared,svm,parm,FALSE,5,0.08934229953596334,0.011919605187012227,0.065603124261049,0.11212181104281235,4e-4
hierarchical,6,Continuous,R_squared,svm,svm,TRUE,5,0.19091402162388238,0.039243514240464725,0.10942789156880856,0.2581730011312185,4e-4
hierarchical,12,Categorical,Accuracy,bn,bn,TRUE,5,0.2251447554104673,0.01472698618613798,0.1949004763378106,0.2521858756679754,4e-4
hierarchical,12,Categorical,Accuracy,bn,cart,FALSE,5,-0.013810197658645667,0.0031253698436424573,-0.019902510990150904,-0.007670761017748396,4e-4
hierarchical,12,Categorical,Accuracy,bn,parm,FALSE,5,0.1721136532745919,0.0073867103445570655,0.15891605023139788,0.18852810945557147,4e-4
hierarchical,12,Categorical,Accuracy,bn,svm,FALSE,5,0.06950407856832319,0.010532625440898868,0.05127759060094951,0.09205351234806075,4e-4
hierarchical,12,Categorical,Accuracy,cart,bn,FALSE,5,0.009488088453942617,0.0032523999166861493,0.003484379282156628,0.01654470459880074,0.0016
hierarchical,12,Categorical,Accuracy,cart,cart,TRUE,5,0,0,0,0,1
hierarchical,12,Categorical,Accuracy,cart,parm,FALSE,5,0.007092908927136128,0.004072971903883445,-4.827953299693661e-4,0.014972154135615492,0.1544
hierarchical,12,Categorical,Accuracy,cart,svm,FALSE,5,-0.0013687129891203085,0.0025857821018295327,-0.005679217090375945,0.004107274818608876,0.564
hierarchical,12,Categorical,Accuracy,parm,bn,FALSE,5,0.07303545546899094,0.02305290834946266,0.029471137433201,0.11659977350478087,4e-4
hierarchical,12,Categorical,Accuracy,parm,cart,FALSE,5,-0.08571930241345317,0.005655473715627494,-0.0970584935345161,-0.07531698344923335,4e-4
hierarchical,12,Categorical,Accuracy,parm,parm,TRUE,5,0.2218377760169282,0.013282095798605028,0.19649410696701933,0.24566609121575478,4e-4
hierarchical,12,Categorical,Accuracy,parm,svm,FALSE,5,0.04994410794567384,0.008253697577913836,0.03609204439419384,0.06764539871043368,4e-4
hierarchical,12,Categorical,Accuracy,svm,bn,FALSE,5,0.09934009572360257,0.026682611304097485,0.04160101857895683,0.15414392632787868,4e-4
hierarchical,12,Categorical,Accuracy,svm,cart,FALSE,5,-0.022119806465259725,0.002826466308494935,-0.027544365355420136,-0.016695247575099315,4e-4
hierarchical,12,Categorical,Accuracy,svm,parm,FALSE,5,0.13319078978857535,0.030526530209701197,0.06495863784083294,0.1729691262526023,0.0016
hierarchical,12,Categorical,Accuracy,svm,svm,TRUE,5,0.05398016632544813,0.02466106887337781,0.0030392354000399716,0.09680511522463407,0.0432
hierarchical,12,Categorical,F1,bn,bn,TRUE,5,0.2383907121074446,0.016304074859155138,0.2058803042241796,0.2696162950056298,4e-4
hierarchical,12,Categorical,F1,bn,cart,FALSE,5,-0.02194255492377194,0.004954220354382175,-0.0330282365165766,-0.014386347708253183,4e-4
hierarchical,12,Categorical,F1,bn,parm,FALSE,5,0.17779804141635625,0.009111329016428927,0.16187482690469435,0.19776155781938146,4e-4
hierarchical,12,Categorical,F1,bn,svm,FALSE,5,0.06188993669203546,0.010015705964022882,0.047391031229527626,0.08399792592401445,4e-4
hierarchical,12,Categorical,F1,cart,bn,FALSE,5,0.010670268611278668,0.0037756793389680165,0.0037390462222887484,0.018080920690194357,0.0016
hierarchical,12,Categorical,F1,cart,cart,TRUE,5,0,0,0,0,1
hierarchical,12,Categorical,F1,cart,parm,FALSE,5,0.0060272916754040996,0.00415550927606921,-0.001857045658081534,0.013911629008889733,0.1564
hierarchical,12,Categorical,F1,cart,svm,FALSE,5,-0.002170687150522032,0.0022164007455751818,-0.005713035661131944,0.0027084610965871572,0.3604
hierarchical,12,Categorical,F1,parm,bn,FALSE,5,0.028660135945132992,0.018492788575956973,-0.006219431269602143,0.06389212306348693,0.1176
hierarchical,12,Categorical,F1,parm,cart,FALSE,5,-0.1129578832682669,0.00911557156940656,-0.12985066236046813,-0.09475624560532077,4e-4
hierarchical,12,Categorical,F1,parm,parm,TRUE,5,0.2282371446905033,0.013177895969411844,0.20087784329601122,0.2516170771218654,4e-4
hierarchical,12,Categorical,F1,parm,svm,FALSE,5,0.035688578275700586,0.006652573793854302,0.025209818774521754,0.05060332272906718,4e-4
hierarchical,12,Categorical,F1,svm,bn,FALSE,5,0.0972866263148202,0.024298358501451914,0.04401330230664679,0.1446776875607409,4e-4
hierarchical,12,Categorical,F1,svm,cart,FALSE,5,-0.025436742219318683,0.0030459670089953237,-0.031443652417268535,-0.019429832021368835,4e-4
hierarchical,12,Categorical,F1,svm,parm,FALSE,5,0.13465729652834713,0.03057211000265136,0.06768946870042525,0.17703255926981212,4e-4
hierarchical,12,Categorical,F1,svm,svm,TRUE,5,0.05572078656979517,0.02505101130112237,0.00430066505324208,0.1004686778818094,0.0432
hierarchical,12,Categorical,Specificity,bn,bn,TRUE,5,0.09526292143029526,0.013212785791313832,0.06869484626010819,0.11934638337168244,4e-4
hierarchical,12,Categorical,Specificity,bn,cart,FALSE,5,-0.008156286333594975,0.001839024987631524,-0.011630728149249273,-0.004681844517940679,4e-4
hierarchical,12,Categorical,Specificity,bn,parm,FALSE,5,0.07102768979875308,0.00827029036597299,0.05450341172837707,0.08689221225918353,4e-4
hierarchical,12,Categorical,Specificity,bn,svm,FALSE,5,0.018899572397343273,0.0025682863835008855,0.013754128246012113,0.02400451200755579,4e-4
hierarchical,12,Categorical,Specificity,cart,bn,FALSE,5,0.011845012058420059,0.003758065418048779,0.004390194555491548,0.018892573604521453,0.0016
hierarchical,12,Categorical,Specificity,cart,cart,TRUE,5,0,0,0,0,1
hierarchical,12,Categorical,Specificity,cart,parm,FALSE,5,0.004899144131617194,0.0017789397349586874,0.0019197110629122704,0.008646609020254046,4e-4
hierarchical,12,Categorical,Specificity,cart,svm,FALSE,5,-6.913031227389317e-4,7.661616960896945e-4,-0.0024443786857643863,5.602759817529977e-4,0.4108
hierarchical,12,Categorical,Specificity,parm,bn,FALSE,5,0.04021678967011118,0.01620247476777489,0.015703472108985334,0.07496542489056444,4e-4
hierarchical,12,Categorical,Specificity,parm,cart,FALSE,5,-0.04070567092525705,0.008425491377940941,-0.05759404961915068,-0.026013028425843705,4e-4
hierarchical,12,Categorical,Specificity,parm,parm,TRUE,5,0.08803835546648164,0.013986737173846192,0.06334036109055925,0.11687769120617067,4e-4
hierarchical,12,Categorical,Specificity,parm,svm,FALSE,5,-6.725264474709737e-4,0.007700372991545089,-0.018166675793513016,0.010383224853136332,0.8756
hierarchical,12,Categorical,Specificity,svm,bn,FALSE,5,0.05053634365335552,0.013036905637589528,0.024016607934784294,0.07490884699697424,4e-4
hierarchical,12,Categorical,Specificity,svm,cart,FALSE,5,-0.006812207902627031,8.594897692771622e-4,-0.008552209790925884,-0.005341971034497427,4e-4
hierarchical,12,Categorical,Specificity,svm,parm,FALSE,5,0.054159971346074455,0.01614331842890332,0.0198457236619628,0.08387623601204328,0.0016
hierarchical,12,Categorical,Specificity,svm,svm,TRUE,5,0.016419914204848146,0.008408603236780858,-6.082868236340722e-4,0.031202680123088383,0.066
hierarchical,12,Continuous,MAE,cart,cart,TRUE,5,0,0,0,0,1
hierarchical,12,Continuous,MAE,cart,parm,FALSE,5,0.03485785059663199,0.004901320785511077,0.0251292378456264,0.044331922922122534,4e-4
hierarchical,12,Continuous,MAE,cart,svm,FALSE,5,0.07528362752549382,0.009714717078317895,0.05683283521272616,0.09405975295194605,4e-4
hierarchical,12,Continuous,MAE,parm,cart,FALSE,5,-0.09882318276159614,0.010827816169161874,-0.11883322372911631,-0.07633418131617344,4e-4
hierarchical,12,Continuous,MAE,parm,parm,TRUE,5,0.8492651014421181,0.03478826639732202,0.7718626506128501,0.8997112918240657,4e-4
hierarchical,12,Continuous,MAE,parm,svm,FALSE,5,0.6930865584910367,0.03236038677560386,0.6267512776402653,0.7537336470967368,4e-4
hierarchical,12,Continuous,MAE,svm,cart,FALSE,5,-0.008173188647424794,0.0033734120596685935,-0.014806390206942294,-0.0015399870879072945,0.0012
hierarchical,12,Continuous,MAE,svm,parm,FALSE,5,0.4347033617725916,0.018311929595623482,0.39892461631041254,0.47048210723477074,4e-4
hierarchical,12,Continuous,MAE,svm,svm,TRUE,5,0.5444640103131282,0.018246907788045785,0.509042270494616,0.5810461024147536,4e-4
hierarchical,12,Continuous,RMSE,cart,cart,TRUE,5,0,0,0,0,1
hierarchical,12,Continuous,RMSE,cart,parm,FALSE,5,0.09238365718146051,0.01037050403022386,0.07024826478715024,0.11211149938424786,4e-4
hierarchical,12,Continuous,RMSE,cart,svm,FALSE,5,0.1777193861398438,0.014877509749302072,0.14933129127667227,0.20610748100301535,4e-4
hierarchical,12,Continuous,RMSE,parm,cart,FALSE,5,-0.09790922233130231,0.01161367174187072,-0.11981580470421559,-0.07467056942754172,4e-4
hierarchical,12,Continuous,RMSE,parm,parm,TRUE,5,0.8194273926894956,0.03445781391026276,0.7414796432826951,0.8690349652292042,4e-4
hierarchical,12,Continuous,RMSE,parm,svm,FALSE,5,0.6670900760373908,0.041405972265593526,0.576540258714617,0.7400502535435067,4e-4
hierarchical,12,Continuous,RMSE,svm,cart,FALSE,5,-0.0066142967366589825,0.0022468844118984864,-0.01080798389201607,-0.002420609581301895,4e-4
hierarchical,12,Continuous,RMSE,svm,parm,FALSE,5,0.5132296824874041,0.026530152027303876,0.46235340587942375,0.5641059590953843,4e-4
hierarchical,12,Continuous,RMSE,svm,svm,TRUE,5,0.6014119389570952,0.027126972864452245,0.5456836788636028,0.6523956424401716,4e-4
hierarchical,12,Continuous,R_squared,cart,cart,TRUE,5,0,0,0,0,1
hierarchical,12,Continuous,R_squared,cart,parm,FALSE,5,0.036859947687124243,0.0045674675152673075,0.027021552489231507,0.04430284095620156,4e-4
hierarchical,12,Continuous,R_squared,cart,svm,FALSE,5,0.14093995256447864,0.02171455835914733,0.10532956902040781,0.1874831173698842,4e-4
hierarchical,12,Continuous,R_squared,parm,cart,FALSE,5,-0.18404619263353697,0.020827689706238963,-0.22329365369920998,-0.14239309357438226,4e-4
hierarchical,12,Continuous,R_squared,parm,parm,TRUE,5,0.9342589450685063,0.0351478190254666,0.8544716434511378,0.978140042030616,4e-4
hierarchical,12,Continuous,R_squared,parm,svm,FALSE,5,0.8362295495187189,0.033994027201678684,0.7589775596872255,0.889686124258706,4e-4
hierarchical,12,Continuous,R_squared,svm,cart,FALSE,5,-0.013339905675865703,0.00449047808092284,-0.02167366474308218,-0.00498397792087277,4e-4
hierarchical,12,Continuous,R_squared,svm,parm,FALSE,5,0.43458900142219126,0.027000367105691515,0.38188584096405126,0.4872921618803312,4e-4
hierarchical,12,Continuous,R_squared,svm,svm,TRUE,5,0.7244749120720857,0.010922648058915851,0.7051330862640414,0.7477079342913643,4e-4
hierarchical,18,Categorical,Accuracy,bn,bn,TRUE,5,0.24327549060619236,0.02096196917507301,0.20705657957992893,0.2882080151564601,4e-4
hierarchical,18,Categorical,Accuracy,bn,cart,FALSE,5,-0.019734050125794947,0.00430831335529728,-0.02921382734030621,-0.012359028435050524,4e-4
hierarchical,18,Categorical,Accuracy,bn,parm,FALSE,5,0.13658201401109207,0.01462473537204636,0.11019273369749294,0.16602557720513197,4e-4
hierarchical,18,Categorical,Accuracy,bn,svm,FALSE,5,0.05664063579926063,0.0127549337931394,0.028569404526927033,0.08106926462684524,4e-4
hierarchical,18,Categorical,Accuracy,cart,bn,FALSE,5,0.01080684990741781,0.0062034238296380575,-0.0015378107224330395,0.02315151053726866,0.0836
hierarchical,18,Categorical,Accuracy,cart,cart,TRUE,5,-1.985815886362078e-5,1.7740177658336775e-5,-5.9574476590862345e-5,0,0.6628
hierarchical,18,Categorical,Accuracy,cart,parm,FALSE,5,0.006040303182863561,0.004801758747585228,-0.0030671409136203472,0.015147747279347468,0.2312
hierarchical,18,Categorical,Accuracy,cart,svm,FALSE,5,-0.00416187655514856,0.003430327613534809,-0.011762149427739175,0.0018258533423513392,0.192
hierarchical,18,Categorical,Accuracy,parm,bn,FALSE,5,0.07817168375765421,0.020879470970351116,0.03586690809104924,0.11861331281459384,4e-4
hierarchical,18,Categorical,Accuracy,parm,cart,FALSE,5,-0.11330452558562715,0.00901792555975554,-0.1322757472850042,-0.09698982807962414,4e-4
hierarchical,18,Categorical,Accuracy,parm,parm,TRUE,5,0.18791151617620092,0.01111332239947704,0.168554649665083,0.21105670340602273,4e-4
hierarchical,18,Categorical,Accuracy,parm,svm,FALSE,5,0.05054081182241743,0.009228875789418757,0.034071106754752126,0.06873299878856494,4e-4
hierarchical,18,Categorical,Accuracy,svm,bn,FALSE,5,0.10069397030345349,0.011861221241262794,0.08301665791257239,0.12750817642236165,4e-4
hierarchical,18,Categorical,Accuracy,svm,cart,FALSE,5,-0.02712861030370956,0.002701510771146357,-0.03231009618036556,-0.02204484779673928,4e-4
hierarchical,18,Categorical,Accuracy,svm,parm,FALSE,5,0.11968329479277393,0.006993404306847176,0.10639780066357121,0.13296878892197664,4e-4
hierarchical,18,Categorical,Accuracy,svm,svm,TRUE,5,0.05794702070234209,0.0060805386419021225,0.04641482008401086,0.06947922132067332,4e-4
hierarchical,18,Categorical,F1,bn,bn,TRUE,5,0.2594166108017578,0.02597332551713789,0.21441072331431213,0.31518073948283853,4e-4
hierarchical,18,Categorical,F1,bn,cart,FALSE,5,-0.02499905602355114,0.00469597548491012,-0.03410633187311324,-0.015891780173989036,4e-4
hierarchical,18,Categorical,F1,bn,parm,FALSE,5,0.13637348738625357,0.016462489639804418,0.10960519317235454,0.1711946202970165,4e-4
hierarchical,18,Categorical,F1,bn,svm,FALSE,5,0.05063915919266056,0.013256098195370948,0.021273945183191867,0.07496929319921584,0.0012
hierarchical,18,Categorical,F1,cart,bn,FALSE,5,0.009304754776101903,0.005792309576042217,-0.0019693886668014507,0.020578898219005257,0.1152
hierarchical,18,Categorical,F1,cart,cart,TRUE,5,0,0,0,0,1
hierarchical,18,Categorical,F1,cart,parm,FALSE,5,0.005137586176122708,0.004518858624634156,-0.0035730161684972804,0.013545093387129288,0.2988
hierarchical,18,Categorical,F1,cart,svm,FALSE,5,-0.005024985715337601,0.0033358186989193234,-0.012272526667809666,6.189043728625712e-4,0.1188
hierarchical,18,Categorical,F1,parm,bn,FALSE,5,0.016897683231389383,0.016380687170772092,-0.014745764957498464,0.04854113142027723,0.2968
hierarchical,18,Categorical,F1,parm,cart,FALSE,5,-0.14668765146559956,0.010355241254880016,-0.16644198815582378,-0.12693331477537537,4e-4
hierarchical,18,Categorical,F1,parm,parm,TRUE,5,0.19419709492585266,0.012863862411697284,0.17157297463747317,0.22101675697956627,4e-4
hierarchical,18,Categorical,F1,parm,svm,FALSE,5,0.03431993844935261,0.0084570149085185925,0.01623831201732934,0.05031930172716474,4e-4
hierarchical,18,Categorical,F1,svm,bn,FALSE,5,0.09496619116063071,0.016108348950618252,0.07163357315019638,0.13000771444213494,4e-4
hierarchical,18,Categorical,F1,svm,cart,FALSE,5,-0.033067486696856024,0.003234257504434514,-0.03929661507460346,-0.02696970504115874,4e-4
hierarchical,18,Categorical,F1,svm,parm,FALSE,5,0.12384229055658649,0.00783534832568058,0.10918490358516188,0.13916659381705426,4e-4
hierarchical,18,Categorical,F1,svm,svm,TRUE,5,0.058994574951088785,0.00573370953585199,0.04803156963994403,0.06995758026223353,4e-4
hierarchical,18,Categorical,Specificity,bn,bn,TRUE,5,0.09432318146202644,0.013959473583384159,0.0645791867515824,0.11855582497448817,4e-4
hierarchical,18,Categorical,Specificity,bn,cart,FALSE,5,-0.00898849396491482,0.0024755589735421454,-0.01362378079973454,-0.0043532071300951,4e-4
hierarchical,18,Categorical,Specificity,bn,parm,FALSE,5,0.058750197703145476,0.009400720338456755,0.04060544208541192,0.07635907405625043,4e-4
hierarchical,18,Categorical,Specificity,bn,svm,FALSE,5,0.016670026856155623,0.00496037775859645,0.006360442265287584,0.024999478981212127,0.0012
hierarchical,18,Categorical,Specificity,cart,bn,FALSE,5,0.004123709344473998,0.003678574551961735,-0.0021908441409923688,0.011720799319596699,0.2628
hierarchical,18,Categorical,Specificity,cart,cart,TRUE,5,0,0,0,0,1
hierarchical,18,Categorical,Specificity,cart,parm,FALSE,5,0.0036341894232018467,0.002513732585828661,-0.0012328673196265057,0.008501324170527293,0.1488
hierarchical,18,Categorical,Specificity,cart,svm,FALSE,5,-0.0024250055107810312,0.002066268518929405,-0.00663002874710411,0.0013462510134227405,0.24
hierarchical,18,Categorical,Specificity,parm,bn,FALSE,5,0.016513306363872955,0.009237671861188386,-0.0020795648839420002,0.03402229924470351,0.074
hierarchical,18,Categorical,Specificity,parm,cart,FALSE,5,-0.04672852755743359,0.0053962301929596675,-0.055560845704523354,-0.03564483891759529,4e-4
hierarchical,18,Categorical,Specificity,parm,parm,TRUE,5,0.075812776780374,0.010329022105547704,0.053934804694699835,0.09275527813940532,4e-4
hierarchical,18,Categorical,Specificity,parm,svm,FALSE,5,0.009187232658359048,0.0033593859612391884,0.0018379603089598876,0.01553556220603822,0.0092
hierarchical,18,Categorical,Specificity,svm,bn,FALSE,5,0.0420286521635484,0.012372550846522544,0.01688372415810015,0.0668970448280164,4e-4
hierarchical,18,Categorical,Specificity,svm,cart,FALSE,5,-0.00913078083522326,0.0010836668749857105,-0.011245257545176779,-0.007006476033972297,4e-4
hierarchical,18,Categorical,Specificity,svm,parm,FALSE,5,0.050508014410914785,0.005852572874298024,0.038280021074689335,0.0606364224343718,4e-4
hierarchical,18,Categorical,Specificity,svm,svm,TRUE,5,0.021099499938264116,0.002134816338338737,0.01712696565190655,0.025072034224621682,4e-4
hierarchical,18,Continuous,MAE,cart,cart,TRUE,5,0,0,0,0,1
hierarchical,18,Continuous,MAE,cart,parm,FALSE,5,0.045353560895291814,0.011341520312755838,0.024743504284453714,0.06848957851822937,4e-4
hierarchical,18,Continuous,MAE,cart,svm,FALSE,5,0.09591294860314281,0.02478266299171599,0.05108333990445049,0.14818651130372523,4e-4
hierarchical,18,Continuous,MAE,parm,cart,FALSE,5,-0.13232078882727003,0.018306549787894685,-0.16640095472175823,-0.09824062293278181,4e-4
hierarchical,18,Continuous,MAE,parm,parm,TRUE,5,0.9058005268184077,0.017915019507266337,0.8677118374044395,0.9331146580471751,4e-4
hierarchical,18,Continuous,MAE,parm,svm,FALSE,5,0.7745385811333427,0.02540218723205165,0.7183420286629176,0.8118002701282689,4e-4
hierarchical,18,Continuous,MAE,svm,cart,FALSE,5,-0.013895106814181777,0.0012595330637221217,-0.01645986095939935,-0.011613289129521899,4e-4
hierarchical,18,Continuous,MAE,svm,parm,FALSE,5,0.5415983358534232,0.01840663455355562,0.5086180458800392,0.5802300078119529,4e-4
hierarchical,18,Continuous,MAE,svm,svm,TRUE,5,0.6897149505282911,0.026449870938047043,0.6391510234147325,0.7402788776418497,4e-4
hierarchical,18,Continuous,RMSE,cart,cart,TRUE,5,0,0,0,0,1
hierarchical,18,Continuous,RMSE,cart,parm,FALSE,5,0.10432902489770605,0.02471257821252054,0.05955504913520123,0.15484690170193133,4e-4
hierarchical,18,Continuous,RMSE,cart,svm,FALSE,5,0.20254169787899368,0.049903678252078185,0.10915342887032317,0.30385818893922306,4e-4
hierarchical,18,Continuous,RMSE,parm,cart,FALSE,5,-0.133521564966621,0.018361732833704535,-0.1678656571753619,-0.09917747275788007,4e-4
hierarchical,18,Continuous,RMSE,parm,parm,TRUE,5,0.8712982776864969,0.030439013677156464,0.8049763791636191,0.9181387949742554,4e-4
hierarchical,18,Continuous,RMSE,parm,svm,FALSE,5,0.7365448824664806,0.04213346281597869,0.6439378081635296,0.800215939577807,4e-4
hierarchical,18,Continuous,RMSE,svm,cart,FALSE,5,-0.022052053855071925,0.003007814050921527,-0.027577629620381,-0.016175624245124514,4e-4
hierarchical,18,Continuous,RMSE,svm,parm,FALSE,5,0.579706702163882,0.027309747178813484,0.5261764357325793,0.6290405642955214,4e-4
hierarchical,18,Continuous,RMSE,svm,svm,TRUE,5,0.7012905640559075,0.04059202654560566,0.6202092064742236,0.7729824847620013,4e-4
hierarchical,18,Continuous,R_squared,cart,cart,TRUE,5,0,0,0,0,1
hierarchical,18,Continuous,R_squared,cart,parm,FALSE,5,0.0384694724153802,0.01115530239332701,0.016891185172961575,0.06004775965779882,4e-4
hierarchical,18,Continuous,R_squared,cart,svm,FALSE,5,0.1579982534360694,0.04961378725535243,0.06035662393076772,0.2556398829413711,4e-4
hierarchical,18,Continuous,R_squared,parm,cart,FALSE,5,-0.24643122811080384,0.031928140889335196,-0.30639042121910604,-0.18647203500250162,4e-4
hierarchical,18,Continuous,R_squared,parm,parm,TRUE,5,0.9678875933046895,0.018758164616443924,0.9257899879424625,0.9927178676687293,4e-4
hierarchical,18,Continuous,R_squared,parm,svm,FALSE,5,0.871797054835455,0.0325007922530742,0.7982051069748427,0.9154437488788313,4e-4
hierarchical,18,Continuous,R_squared,svm,cart,FALSE,5,-0.0432682474670759,0.00572388447975552,-0.053752163576323835,-0.032222739886020126,4e-4
hierarchical,18,Continuous,R_squared,svm,parm,FALSE,5,0.48355443213864757,0.025105469114431168,0.4364581935822681,0.5329039932849073,4e-4
hierarchical,18,Continuous,R_squared,svm,svm,TRUE,5,0.8129962333269246,0.036121739208980194,0.7461033936716813,0.8886718198247842,4e-4
parametric,6,Categorical,Accuracy,bn,bn,TRUE,5,0.13057927991050278,0.011087494173341267,0.10748837881030009,0.14897154421814385,4e-4
parametric,6,Categorical,Accuracy,bn,cart,FALSE,5,0.0853689662551402,0.010460829670949212,0.06512455428246738,0.10478173085369284,4e-4
parametric,6,Categorical,Accuracy,bn,parm,FALSE,5,-0.0012705695520867236,3.014668525468461e-4,-0.0018654517614932673,-6.756873426801801e-4,4e-4
parametric,6,Categorical,Accuracy,bn,svm,FALSE,5,0.06966182368405058,0.010286677188684673,0.0496487403489168,0.0885720825288538,4e-4
parametric,6,Categorical,Accuracy,cart,bn,FALSE,5,0.06285803869031246,0.008506980447764592,0.046555962696414294,0.07843949424230837,4e-4
parametric,6,Categorical,Accuracy,cart,cart,TRUE,5,0.08151367068936931,0.010339184513892805,0.061595452549419234,0.10028097638676489,4e-4
parametric,6,Categorical,Accuracy,cart,parm,FALSE,5,-0.0029393947404799535,8.106554518394268e-4,-0.00454322873978564,-0.0014425602129094746,4e-4
parametric,6,Categorical,Accuracy,cart,svm,FALSE,5,0.06858236364961838,0.010015799973281232,0.049375991833482194,0.08768853452494474,4e-4
parametric,6,Categorical,Accuracy,parm,bn,FALSE,5,0.06916299405888171,0.007884363634426465,0.052676629654642114,0.0827826158325673,4e-4
parametric,6,Categorical,Accuracy,parm,cart,FALSE,5,0.06364306660563644,0.009738612019267399,0.04476177713306578,0.08223999047487472,4e-4
parametric,6,Categorical,Accuracy,parm,parm,TRUE,5,-1.0073123969639071e-4,5.0567404129595306e-5,-2.0706477121196592e-4,-1.6222114154424244e-5,0.0212
parametric,6,Categorical,Accuracy,parm,svm,FALSE,5,0.06518443208913098,0.010098654802776769,0.045735055851915174,0.08377121809444807,4e-4
parametric,6,Categorical,Accuracy,svm,bn,FALSE,5,-0.017249050147145922,0.0234844000654643,-0.056500511194516746,0.0310435575412861,0.4536
parametric,6,Categorical,Accuracy,svm,cart,FALSE,5,0.08291029879240565,0.009975554148740249,0.061866812510017036,0.10100317012324835,4e-4
parametric,6,Categorical,Accuracy,svm,parm,FALSE,5,-0.13933064768375727,0.010565092716165307,-0.1566009527603865,-0.1177724645322691,4e-4
parametric,6,Categorical,Accuracy,svm,svm,TRUE,5,-5.495053205805437e-4,0.00565383273352929,-0.011903470410318214,0.00927283317909424,0.9872
parametric,6,Categorical,F1,bn,bn,TRUE,5,0.1717600322902521,0.017652740439018804,0.13742252656326237,0.20520383819358207,4e-4
parametric,6,Categorical,F1,bn,cart,FALSE,5,0.10412464845987007,0.01695174978664943,0.07866727135377033,0.14090793946488148,4e-4
parametric,6,Categorical,F1,bn,parm,FALSE,5,-0.010960466568130803,0.009990767178476299,-0.03126551824704119,0.008087238086832739,0.2748
parametric,6,Categorical,F1,bn,svm,FALSE,5,0.08702008982267725,0.016547393384286995,0.06031379741804536,0.12280317703933523,4e-4
parametric,6,Categorical,F1,cart,bn,FALSE,5,0.0766387659143497,0.01067073300836831,0.05597358093917393,0.0973039508895255,4e-4
parametric,6,Categorical,F1,cart,cart,TRUE,5,0.11717273457600969,0.015315504255583453,0.09086433620641769,0.15085412477525217,4e-4
parametric,6,Categorical,F1,cart,parm,FALSE,5,-0.00791500682578496,0.008176934760648456,-0.021473463702512335,0.009624823935372673,0.3468
parametric,6,Categorical,F1,cart,svm,FALSE,5,0.09457297775966222,0.012649349342574999,0.07296511151225352,0.11905461930276387,4e-4
parametric,6,Categorical,F1,parm,bn,FALSE,5,0.09019882940525048,0.009612962433536562,0.07166445953093946,0.1087331992795615,4e-4
parametric,6,Categorical,F1,parm,cart,FALSE,5,0.08290451726522542,0.011750403096137677,0.062129545960326986,0.10804768746468124,4e-4
parametric,6,Categorical,F1,parm,parm,TRUE,5,-0.003553795037768698,0.0039240289976772,-0.012266051874290508,0.0026773043853048823,0.4164
parametric,6,Categorical,F1,parm,svm,FALSE,5,0.08557995844683017,0.013855580215158196,0.059876153550219455,0.1125330272795443,4e-4
parametric,6,Categorical,F1,svm,bn,FALSE,5,-0.0071846162453030145,0.0277463515746904,-0.059255697984270043,0.046500551612567984,0.7832
parametric,6,Categorical,F1,svm,cart,FALSE,5,0.12291380112821791,0.012475546544464918,0.1044719189817738,0.1509718285846823,4e-4
parametric,6,Categorical,F1,svm,parm,FALSE,5,-0.14930305868002228,0.009810044306808175,-0.169045883935935,-0.13098807925450645,4e-4
parametric,6,Categorical,F1,svm,svm,TRUE,5,0.03251928092348851,0.013699607042919325,0.005897646342801715,0.05880927216890729,0.0188
parametric,6,Categorical,Specificity,bn,bn,TRUE,5,0.049930425096221975,0.019929899585510034,0.007148893600098691,0.09049584815762152,0.0088
parametric,6,Categorical,Specificity,bn,cart,FALSE,5,0.03605489782495069,0.007611501140829773,0.02198482426747205,0.050669618173587096,4e-4
parametric,6,Categorical,Specificity,bn,parm,FALSE,5,-0.0019933855287498506,4.0448651233669305e-4,-0.0028139833998000277,-0.0012590075938374904,4e-4
parametric,6,Categorical,Specificity,bn,svm,FALSE,5,0.02892768114582768,0.006732142228087513,0.016335340324467963,0.0415200219671874,4e-4
parametric,6,Categorical,Specificity,cart,bn,FALSE,5,0.03631897374614143,0.014299347329049857,0.015125304319086496,0.06880195501398455,4e-4
parametric,6,Categorical,Specificity,cart,cart,TRUE,5,0.03409606459710207,0.007331528090672788,0.01993234850570727,0.04825978068849688,4e-4
parametric,6,Categorical,Specificity,cart,parm,FALSE,5,-0.005396291297152249,0.0014184883675395197,-0.00817334983601237,-0.0026192327582921287,4e-4
parametric,6,Categorical,Specificity,cart,svm,FALSE,5,0.02866112830359944,0.0063107402634671505,0.016641694040368395,0.04068056256683049,4e-4
parametric,6,Categorical,Specificity,parm,bn,FALSE,5,0.03138204937215298,0.01028165442197021,0.012160821702190336,0.05316902221396509,4e-4
parametric,6,Categorical,Specificity,parm,cart,FALSE,5,0.026381495399419346,0.0075199661010429755,0.012260193543784286,0.0404512137503046,4e-4
parametric,6,Categorical,Specificity,parm,parm,TRUE,5,-0.0012642558702024565,0.0022543046345397696,-0.006448005012146204,0.0027014401070375492,0.5492
parametric,6,Categorical,Specificity,parm,svm,FALSE,5,0.025278932144547798,0.0062380719674260355,0.013283806344237432,0.03727405794485816,4e-4
parametric,6,Categorical,Specificity,svm,bn,FALSE,5,0.014269476727457743,0.021650177609345258,-0.023301892693243294,0.06348211607644953,0.5516
parametric,6,Categorical,Specificity,svm,cart,FALSE,5,0.03832503000372031,0.0074865691608969,0.02508819861075478,0.053940304940332154,4e-4
parametric,6,Categorical,Specificity,svm,parm,FALSE,5,-0.07254834039694572,0.008318720519102606,-0.08808378452860291,-0.05570224654988056,4e-4
parametric,6,Categorical,Specificity,svm,svm,TRUE,5,-2.3717334307994455e-4,0.009820124507673701,-0.020120014505879524,0.018207896486773893,0.9888
parametric,6,Continuous,MAE,cart,cart,TRUE,5,0.08319343043701581,0.010823389667527333,0.06199438248365956,0.10439247839037206,4e-4
parametric,6,Continuous,MAE,cart,parm,FALSE,5,-3.327186395613513e-4,1.4970591095521014e-4,-6.394099875952452e-4,-5.408159686162891e-5,4e-4
parametric,6,Continuous,MAE,cart,svm,FALSE,5,0.05416878990268791,0.008632605311914524,0.03725932244735888,0.07107825735801694,4e-4
parametric,6,Continuous,MAE,parm,cart,FALSE,5,0.0404252063180836,0.011013638690086293,0.019033202465545854,0.06181721017062135,4e-4
parametric,6,Continuous,MAE,parm,parm,TRUE,5,0,0,0,0,1
parametric,6,Continuous,MAE,parm,svm,FALSE,5,0.04458393268317809,0.009023150673455545,0.026759257598464894,0.06240860776789128,4e-4
parametric,6,Continuous,MAE,svm,cart,FALSE,5,0.1578123614314583,0.020998757501989148,0.12383210109049443,0.2058291383259202,4e-4
parametric,6,Continuous,MAE,svm,parm,FALSE,5,-0.2075013858336223,0.02775930788754946,-0.26084923297009377,-0.15532596767937706,4e-4
parametric,6,Continuous,MAE,svm,svm,TRUE,5,-0.10344622035651208,0.025780090739670147,-0.15138676668273293,-0.0555056740302912,4e-4
parametric,6,Continuous,RMSE,cart,cart,TRUE,5,0.08449076711478656,0.010044712766261893,0.06445117456742436,0.10382239216740756,4e-4
parametric,6,Continuous,RMSE,cart,parm,FALSE,5,-2.9667702634434968e-5,2.4669560609499578e-5,-8.548583689729513e-5,0,0.1576
parametric,6,Continuous,RMSE,cart,svm,FALSE,5,0.061989797341965906,0.005234289331566433,0.05149187064659931,0.07191561214629903,4e-4
parametric,6,Continuous,RMSE,parm,cart,FALSE,5,0.04047809923105645,0.010214173112853508,0.020808180347641127,0.06014801811447176,4e-4
parametric,6,Continuous,RMSE,parm,parm,TRUE,5,0,0,0,0,1
parametric,6,Continuous,RMSE,parm,svm,FALSE,5,0.05063062383947106,0.007495357096687382,0.036002299742663606,0.06438421389178772,4e-4
parametric,6,Continuous,RMSE,svm,cart,FALSE,5,0.15990178715032372,0.021823422871662067,0.12590147467834276,0.209916441799635,4e-4
parametric,6,Continuous,RMSE,svm,parm,FALSE,5,-0.15806080035614686,0.026095699836349625,-0.20772998547764754,-0.10839161523464619,4e-4
parametric,6,Continuous,RMSE,svm,svm,TRUE,5,-0.04551401428292129,0.0322116755302677,-0.1097409193732382,0.015567995689003564,0.1716
parametric,6,Continuous,R_squared,cart,cart,TRUE,5,0.14875988396768125,0.018161287244193674,0.11365396576130246,0.18386580217406,4e-4
parametric,6,Continuous,R_squared,cart,parm,FALSE,5,-7.91608800056561e-5,5.4923432088741274e-5,-2.0585610738367512e-4,0,0.1576
parametric,6,Continuous,R_squared,cart,svm,FALSE,5,0.1200944312672077,0.00919239225226859,0.1019381172448326,0.13751908580890704,4e-4
parametric,6,Continuous,R_squared,parm,cart,FALSE,5,0.0707890653115746,0.01836092313943257,0.03474691983304661,0.10683121079010259,4e-4
parametric,6,Continuous,R_squared,parm,parm,TRUE,5,0,0,0,0,1
parametric,6,Continuous,R_squared,parm,svm,FALSE,5,0.09785852740186143,0.013335888942080853,0.07224486046366894,0.12235929146931544,4e-4
parametric,6,Continuous,R_squared,svm,cart,FALSE,5,0.2895992341755085,0.03472619821559681,0.23542096464366605,0.3685724554810592,4e-4
parametric,6,Continuous,R_squared,svm,parm,FALSE,5,-0.268225011263768,0.03852970144477869,-0.34312337414915406,-0.193326648378382,4e-4
parametric,6,Continuous,R_squared,svm,svm,TRUE,5,-0.059074199547548015,0.05196682872919346,-0.15901003541131514,0.03849418219968843,0.2984
parametric,12,Categorical,Accuracy,bn,bn,TRUE,5,0.15323674589996503,0.018585992607955175,0.11772263947113766,0.18875085232879238,4e-4
parametric,12,Categorical,Accuracy,bn,cart,FALSE,5,0.08682897707803464,0.0067867531323183355,0.07441388340370048,0.09976885696095988,4e-4
parametric,12,Categorical,Accuracy,bn,parm,FALSE,5,-0.0025927721596870614,9.380716860318051e-4,-0.0045827358618726,-8.672950641486062e-4,4e-4
parametric,12,Categorical,Accuracy,bn,svm,FALSE,5,0.04548886718145833,0.0029430688109978254,0.039993090431112335,0.051614537229896625,4e-4
parametric,12,Categorical,Accuracy,cart,bn,FALSE,5,0.05129898025987271,0.006539562960752918,0.03977463262936173,0.06549319666934829,4e-4
parametric,12,Categorical,Accuracy,cart,cart,TRUE,5,0.07229101065401532,0.006032731089610793,0.06129285755250266,0.08328916375552797,4e-4
parametric,12,Categorical,Accuracy,cart,parm,FALSE,5,-4.1254698464179135e-4,1.7740359079320905e-4,-7.600107060858082e-4,-7.445937460765902e-5,0.0012
parametric,12,Categorical,Accuracy,cart,svm,FALSE,5,0.047412554328105164,0.004879388019633896,0.03892399743803264,0.056602769104758796,4e-4
parametric,12,Categorical,Accuracy,parm,bn,FALSE,5,0.041523990475538744,0.005484460788915657,0.03134095172790583,0.05248910380735748,4e-4
parametric,12,Categorical,Accuracy,parm,cart,FALSE,5,0.03851696540552695,0.0030765222167749243,0.03256637252127518,0.04422471258623521,4e-4
parametric,12,Categorical,Accuracy,parm,parm,TRUE,5,0,0,0,0,1
parametric,12,Categorical,Accuracy,parm,svm,FALSE,5,0.03807778947558765,0.004159133434241642,0.03010429112533138,0.046051287825843924,4e-4
parametric,12,Categorical,Accuracy,svm,bn,FALSE,5,0.04069243303986329,0.0191157674564506,0.0026693128328422284,0.07615613217639969,0.0364
parametric,12,Categorical,Accuracy,svm,cart,FALSE,5,0.058281004700215654,0.00936821868010927,0.04265044810699854,0.07756318540410109,4e-4
parametric,12,Categorical,Accuracy,svm,parm,FALSE,5,-0.020724139933006362,0.01122140958315919,-0.04321178182290081,-4.502842009684708e-4,0.0016
parametric,12,Categorical,Accuracy,svm,svm,TRUE,5,0.03234955988188969,0.008572909290362508,0.01615604703139772,0.04854307273238167,4e-4
parametric,12,Categorical,F1,bn,bn,TRUE,5,0.18939623311154957,0.017683363835658578,0.15736319028107218,0.2219968727007572,4e-4
parametric,12,Categorical,F1,bn,cart,FALSE,5,0.10024358675319607,0.007323166800908199,0.08485537829476464,0.11388055306277758,4e-4
parametric,12,Categorical,F1,bn,parm,FALSE,5,-0.0020904742688409297,0.0011099221364161528,-0.0046062454352337225,-4.969913702880735e-4,0.0012
parametric,12,Categorical,F1,bn,svm,FALSE,5,0.056035828411404656,0.002166298961368798,0.052033055353332976,0.06032630978709908,4e-4
parametric,12,Categorical,F1,cart,bn,FALSE,5,0.06478372095904485,0.007746407324417761,0.05263249721686355,0.08185357805205443,4e-4
parametric,12,Categorical,F1,cart,cart,TRUE,5,0.09328974157829087,0.007098730691887214,0.07824247339756941,0.10504912831024975,4e-4
parametric,12,Categorical,F1,cart,parm,FALSE,5,-8.934761393098847e-4,2.2509679418877243e-4,-0.0012946463011362826,-4.5320608829024333e-4,4e-4
parametric,12,Categorical,F1,cart,svm,FALSE,5,0.06251353333909322,0.0036942493709256037,0.05569242224392033,0.06935440223893072,4e-4
parametric,12,Categorical,F1,parm,bn,FALSE,5,0.047364019030062994,0.005901431751028696,0.03458400933754517,0.058020029330903014,4e-4
parametric,12,Categorical,F1,parm,cart,FALSE,5,0.04457508408969689,0.001683141559155155,0.04095498567099488,0.04751367215522059,4e-4
parametric,12,Categorical,F1,parm,parm,TRUE,5,0,0,0,0,1
parametric,12,Categorical,F1,parm,svm,FALSE,5,0.04531337520095499,0.0031829642912179733,0.03841729658758375,0.050908417230552123,4e-4
parametric,12,Categorical,F1,svm,bn,FALSE,5,0.0352474972267098,0.022658636885070513,-0.009044155572305812,0.07713557211145856,0.1308
parametric,12,Categorical,F1,svm,cart,FALSE,5,0.07243418240418477,0.011438417935087979,0.04891198154265428,0.0935855209648264,4e-4
parametric,12,Categorical,F1,svm,parm,FALSE,5,-0.020556647894972212,0.01099477667192874,-0.04170937837213801,-5.047438263615556e-4,0.0016
parametric,12,Categorical,F1,svm,svm,TRUE,5,0.04363660706498369,0.009180154708584692,0.0258661346714904,0.06140707945847699,4e-4
parametric,12,Categorical,Specificity,bn,bn,TRUE,5,0.055698020802865414,0.002931698522749238,0.050122545607419106,0.06144416444064158,4e-4
parametric,12,Categorical,Specificity,bn,cart,FALSE,5,0.031174743326393462,0.0019069509576533107,0.027430895812456585,0.034795806771574116,4e-4
parametric,12,Categorical,Specificity,bn,parm,FALSE,5,-0.0014020949094579545,2.746414015002175e-4,-0.0018453388801791704,-8.273364308583749e-4,4e-4
parametric,12,Categorical,Specificity,bn,svm,FALSE,5,0.01964540643770693,0.0018310359416325746,0.01616214702567582,0.023308843124959917,4e-4
parametric,12,Categorical,Specificity,cart,bn,FALSE,5,0.021496848582531595,0.0029868669918173777,0.015213163450841331,0.026870054600175428,4e-4
parametric,12,Categorical,Specificity,cart,cart,TRUE,5,0.03147655881362234,0.0010578196568240173,0.02925734776566255,0.03318225600606911,4e-4
parametric,12,Categorical,Specificity,cart,parm,FALSE,5,-8.033578919646771e-5,4.4800695273501044e-4,-6.933685226723085e-4,9.295857605379802e-4,0.6356
parametric,12,Categorical,Specificity,cart,svm,FALSE,5,0.021342341973452004,0.0013055692734549372,0.018863565874727335,0.023821118072176673,4e-4
parametric,12,Categorical,Specificity,parm,bn,FALSE,5,0.01426257986696974,0.0020673003883313963,0.01010532053879394,0.018023851587049177,4e-4
parametric,12,Categorical,Specificity,parm,cart,FALSE,5,0.018350806157003484,0.0019241858823554026,0.014626704812471606,0.02210109821262158,4e-4
parametric,12,Categorical,Specificity,parm,parm,TRUE,5,9.022674560477133e-4,7.98856887424117e-4,0,0.00270680236814314,0.6536
parametric,12,Categorical,Specificity,parm,svm,FALSE,5,0.01610404344543441,0.001987436644065443,0.012446813123129149,0.019761273767739673,4e-4
parametric,12,Categorical,Specificity,svm,bn,FALSE,5,0.004074841790511858,0.010327393820007736,-0.015670469756533443,0.02382015333755716,0.6308
parametric,12,Categorical,Specificity,svm,cart,FALSE,5,0.021016304538601233,0.00443182090350657,0.012393302772626378,0.02963930630457609,4e-4
parametric,12,Categorical,Specificity,svm,parm,FALSE,5,-0.02270358505837806,0.011399076310668652,-0.04718445533826611,-0.003066594933267212,0.0016
parametric,12,Categorical,Specificity,svm,svm,TRUE,5,5.139457994484969e-4,0.010463062154477716,-0.02276548180845815,0.016209351669610787,0.8764
parametric,12,Continuous,MAE,cart,cart,TRUE,5,0.3960037288161955,0.11864154289230082,0.17780182961864624,0.6390460120450033,4e-4
parametric,12,Continuous,MAE,cart,parm,FALSE,5,-0.004540138348555322,0.0017924482023934862,-0.00783815683631768,-0.001244950908063053,4e-4
parametric,12,Continuous,MAE,cart,svm,FALSE,5,0.24364215307069237,0.11592289927177454,0.07979397307675351,0.49328819159820564,4e-4
parametric,12,Continuous,MAE,parm,cart,FALSE,5,0.028134915535761973,0.012164547537318906,0.004187523134751148,0.0520823079367728,0.0012
parametric,12,Continuous,MAE,parm,parm,TRUE,5,0,0,0,0,1
parametric,12,Continuous,MAE,parm,svm,FALSE,5,0.037748460661646374,0.01371195068351762,0.010280666749737889,0.06521625457355486,4e-4
parametric,12,Continuous,MAE,svm,cart,FALSE,5,0.20071928682039783,0.18608038249691025,-0.17316875472686633,0.574607328367662,0.2512
parametric,12,Continuous,MAE,svm,parm,FALSE,5,-0.015073715364749385,0.0020753748211554076,-0.01984331058512711,-0.011642744701345796,4e-4
parametric,12,Continuous,MAE,svm,svm,TRUE,5,0.19939850432693967,0.12813174445224743,-0.009774997193403459,0.4734590739405795,0.0972
parametric,12,Continuous,RMSE,cart,cart,TRUE,5,0.40062814714344686,0.12011017745257725,0.1789348591927021,0.6457544707242149,4e-4
parametric,12,Continuous,RMSE,cart,parm,FALSE,5,-0.0026795002237920626,0.0011412075469156102,-0.004946645872232832,-4.123545753512925e-4,0.0184
parametric,12,Continuous,RMSE,cart,svm,FALSE,5,0.27025064938222665,0.12381880716175833,0.0818818493497382,0.5271546725600911,4e-4
parametric,12,Continuous,RMSE,parm,cart,FALSE,5,0.028106515783632893,0.012033161654080476,0.004428668111388137,0.05178436345587765,4e-4
parametric,12,Continuous,RMSE,parm,parm,TRUE,5,0,0,0,0,1
parametric,12,Continuous,RMSE,parm,svm,FALSE,5,0.0399359083708058,0.013544475197127023,0.013029723776011207,0.0668420929656004,4e-4
parametric,12,Continuous,RMSE,svm,cart,FALSE,5,0.2034298243621011,0.18348387076425224,-0.1654810473357634,0.5723406960599656,0.2272
parametric,12,Continuous,RMSE,svm,parm,FALSE,5,-0.018604755624309844,0.005559985077773729,-0.029574439700386375,-0.008292094463369258,4e-4
parametric,12,Continuous,RMSE,svm,svm,TRUE,5,0.23430527365966614,0.13191090874803346,0.019576052445806433,0.5095192345110273,0.0352
parametric,12,Continuous,R_squared,cart,cart,TRUE,5,0.43873631928699397,0.09429622742521883,0.2617299216224476,0.6221706914500291,4e-4
parametric,12,Continuous,R_squared,cart,parm,FALSE,5,-0.005510125550246641,0.002354569754450427,-0.010174288767732097,-8.459623327611847e-4,0.0184
parametric,12,Continuous,R_squared,cart,svm,FALSE,5,0.3782261400773003,0.13775826958758483,0.15480739836868473,0.6547257563441705,4e-4
parametric,12,Continuous,R_squared,parm,cart,FALSE,5,0.041225784783410324,0.01883774438826744,0.005273258237461817,0.0795901503924359,4e-4
parametric,12,Continuous,R_squared,parm,parm,TRUE,5,0,0,0,0,1
parametric,12,Continuous,R_squared,parm,svm,FALSE,5,0.07089705368299104,0.02653152927584707,0.017831579191005233,0.12396252817497684,4e-4
parametric,12,Continuous,R_squared,svm,cart,FALSE,5,0.2067592647620856,0.18009539358095752,-0.1462623764450478,0.5536160217087197,0.2272
parametric,12,Continuous,R_squared,svm,parm,FALSE,5,-0.036640487617043443,0.010889492886324027,-0.05860104593227476,-0.016574973578019486,4e-4
parametric,12,Continuous,R_squared,svm,svm,TRUE,5,0.320965022204306,0.1511149751524568,0.058650559486785464,0.6216223755770102,0.0072
parametric,18,Categorical,Accuracy,bn,bn,TRUE,5,0.19954796694447305,0.01334280202346299,0.17768601859638578,0.22842935317269392,4e-4
parametric,18,Categorical,Accuracy,bn,cart,FALSE,5,0.12921099923443122,0.008816529493682895,0.11324934768756643,0.14865275317271395,4e-4
parametric,18,Categorical,Accuracy,bn,parm,FALSE,5,-0.0053256128137676275,2.6637239551349713e-4,-0.005840171391503947,-0.004811054236031309,4e-4
parametric,18,Categorical,Accuracy,bn,svm,FALSE,5,0.055470676868565445,0.005159511188514863,0.045410785783256545,0.06464914910934613,4e-4
parametric,18,Categorical,Accuracy,cart,bn,FALSE,5,0.09228673670186469,0.006984329614602059,0.07947371766463808,0.10548576658816526,4e-4
parametric,18,Categorical,Accuracy,cart,cart,TRUE,5,0.11279968709049515,0.008330338040652394,0.09661436526582737,0.12898500891516293,4e-4
parametric,18,Categorical,Accuracy,cart,parm,FALSE,5,-9.564318453952313e-4,3.7382498244453017e-4,-0.0016696074138952389,-2.728719051375853e-4,4e-4
parametric,18,Categorical,Accuracy,cart,svm,FALSE,5,0.060724019388928935,0.005976904632156521,0.04864784924996125,0.07132542933508298,4e-4
parametric,18,Categorical,Accuracy,parm,bn,FALSE,5,0.052930926173854614,0.006400875242765053,0.03814181766266783,0.06238683661922516,4e-4
parametric,18,Categorical,Accuracy,parm,cart,FALSE,5,0.05198068681952601,0.007727732910902303,0.03535789845234436,0.06595420813475247,4e-4
parametric,18,Categorical,Accuracy,parm,parm,TRUE,5,-9.427901735146478e-5,8.389759363725502e-5,-2.8283705205439435e-4,0,0.6524
parametric,18,Categorical,Accuracy,parm,svm,FALSE,5,0.04875837496094291,0.006006983156748003,0.037179867953781476,0.05948227019693113,4e-4
parametric,18,Categorical,Accuracy,svm,bn,FALSE,5,0.07849181360562302,0.025572264343629185,0.025583810685485833,0.12624820988129984,0.0016
parametric,18,Categorical,Accuracy,svm,cart,FALSE,5,0.08225654390409315,0.009342427794913198,0.06487924920405344,0.10133984961209624,4e-4
parametric,18,Categorical,Accuracy,svm,parm,FALSE,5,-0.012965394048424358,0.009793300437749366,-0.035153768013869456,-3.6706371928114657e-4,0.0016
parametric,18,Categorical,Accuracy,svm,svm,TRUE,5,0.04840153877131403,0.012445969835407187,0.02248672793660158,0.06942334461612835,0.0016
parametric,18,Categorical,F1,bn,bn,TRUE,5,0.2239551702146103,0.01657830720677094,0.19741307154249765,0.26028275951210966,4e-4
parametric,18,Categorical,F1,bn,cart,FALSE,5,0.13414445844509465,0.011316954665705254,0.11674412790916822,0.15801953068499253,4e-4
parametric,18,Categorical,F1,bn,parm,FALSE,5,-0.004425672838382059,9.38163105113406e-4,-0.006253635776228232,-0.002649343541988037,4e-4
parametric,18,Categorical,F1,bn,svm,FALSE,5,0.056217149961546094,0.003986867073665611,0.04780131977955571,0.06303905214164,4e-4
parametric,18,Categorical,F1,cart,bn,FALSE,5,0.09323258758010283,0.005595470898017726,0.08172558817134758,0.1037604520156118,4e-4
parametric,18,Categorical,F1,cart,cart,TRUE,5,0.12530181081962113,0.010569620469746374,0.10534466931093428,0.14629895811143115,4e-4
parametric,18,Categorical,F1,cart,parm,FALSE,5,-0.001333811371801043,4.355946214471528e-4,-0.002184756360603147,-4.828663829989388e-4,4e-4
parametric,18,Categorical,F1,cart,svm,FALSE,5,0.06537520293766466,0.005815985243676598,0.05333011171989618,0.07542994202559525,4e-4
parametric,18,Categorical,F1,parm,bn,FALSE,5,0.056946925066688525,0.009380310499116995,0.03690777537995496,0.07429206022968067,4e-4
parametric,18,Categorical,F1,parm,cart,FALSE,5,0.053997223714725144,0.007715917348840137,0.036881515323459756,0.06712808709353882,4e-4
parametric,18,Categorical,F1,parm,parm,TRUE,5,-9.603228698041349e-5,8.545780403187253e-5,-2.8809686094124045e-4,0,0.6524
parametric,18,Categorical,F1,parm,svm,FALSE,5,0.05170156696916008,0.0059744641827916166,0.03889817645875999,0.061868859029898374,4e-4
parametric,18,Categorical,F1,svm,bn,FALSE,5,0.07944290028829136,0.025655637211112484,0.02477109470266352,0.12542461222244286,0.004
parametric,18,Categorical,F1,svm,cart,FALSE,5,0.08770436701357008,0.010647498734606192,0.0663018660978199,0.10798372595811782,4e-4
parametric,18,Categorical,F1,svm,parm,FALSE,5,-0.013481423281998207,0.010244695545142039,-0.036570440489979233,-5.010953207678674e-4,0.0212
parametric,18,Categorical,F1,svm,svm,TRUE,5,0.05054251837169934,0.01242170874829268,0.02495917120003336,0.07200888328042196,4e-4
parametric,18,Categorical,Specificity,bn,bn,TRUE,5,0.08094898940279549,0.009585085522896391,0.0625192800043755,0.10049780717757005,4e-4
parametric,18,Categorical,Specificity,bn,cart,FALSE,5,0.05148831981260675,0.006894714569723558,0.03767938676185516,0.06529725286335834,4e-4
parametric,18,Categorical,Specificity,bn,parm,FALSE,5,-0.0015383694657096643,5.148682600207013e-4,-0.0025665836796023855,-5.101552518169431e-4,4e-4
parametric,18,Categorical,Specificity,bn,svm,FALSE,5,0.024174948094061073,0.00460422730548642,0.015277518433712776,0.033072377754409375,4e-4
parametric,18,Categorical,Specificity,cart,bn,FALSE,5,0.03699849670763679,0.004722559105296401,0.027667110042008943,0.04632988337326463,4e-4
parametric,18,Categorical,Specificity,cart,cart,TRUE,5,0.049116460374360356,0.0066830566054415065,0.03671280304445004,0.06309040008182626,4e-4
parametric,18,Categorical,Specificity,cart,parm,FALSE,5,-8.359511994740921e-4,3.8361106914372564e-4,-0.0016711769511400286,-2.560884545532494e-4,4e-4
parametric,18,Categorical,Specificity,cart,svm,FALSE,5,0.02825450134994819,0.006218491077770393,0.01670620502470582,0.039802797675190564,4e-4
parametric,18,Categorical,Specificity,parm,bn,FALSE,5,0.026279349602094236,0.0068385296474370244,0.012585034842779315,0.03997366436140915,4e-4
parametric,18,Categorical,Specificity,parm,cart,FALSE,5,0.025937526767346564,0.00618589640565502,0.01363610905342078,0.038238944481272345,4e-4
parametric,18,Categorical,Specificity,parm,parm,TRUE,5,-1.593760278641776e-4,1.4182652298359852e-4,-4.7812808359253277e-4,0,0.6524
parametric,18,Categorical,Specificity,parm,svm,FALSE,5,0.0235769067194053,0.006141334150185915,0.012395690964622263,0.035063170614891406,4e-4
parametric,18,Categorical,Specificity,svm,bn,FALSE,5,0.023877336772425727,0.017667769012636007,-0.009140926435423045,0.06101531433248052,0.1892
parametric,18,Categorical,Specificity,svm,cart,FALSE,5,0.03893376028952257,0.008338524231685983,0.022423691224086183,0.05544382935495896,4e-4
parametric,18,Categorical,Specificity,svm,parm,FALSE,5,-0.011785794610994212,0.008860805367882259,-0.03196192677237218,-2.1393577633434932e-4,0.0212
parametric,18,Categorical,Specificity,svm,svm,TRUE,5,0.01874997552829368,0.009095632997376169,0.0021455455593500762,0.03660432074491773,0.0384
parametric,18,Continuous,MAE,cart,cart,TRUE,5,0.5658841093562331,0.08818239988608478,0.40177998364595136,0.7328317396331813,4e-4
parametric,18,Continuous,MAE,cart,parm,FALSE,5,-8.210609761680517e-4,4.356401477206049e-4,-0.0017574250904837567,-1.3879234393085433e-4,0.0012
parametric,18,Continuous,MAE,cart,svm,FALSE,5,0.27309742048950725,0.13893155592796474,0.08868040842858654,0.5829734005954479,4e-4
parametric,18,Continuous,MAE,parm,cart,FALSE,5,0.00703466404423766,0.004097255292868326,0.0012436840427388265,0.016183618458778984,0.0016
parametric,18,Continuous,MAE,parm,parm,TRUE,5,0,0,0,0,1
parametric,18,Continuous,MAE,parm,svm,FALSE,5,0.011927841226939125,0.004878532357531422,0.003462196636135296,0.021896090835642534,4e-4
parametric,18,Continuous,MAE,svm,cart,FALSE,5,0.17628832133006053,0.11613834779967742,-0.06280709959230033,0.3810147046945472,0.1528
parametric,18,Continuous,MAE,svm,parm,FALSE,5,-0.002998211775218789,0.0026576770831036674,-0.008918067424247588,0,0.1544
parametric,18,Continuous,MAE,svm,svm,TRUE,5,0.25801473752706355,0.13764654964353845,0.07292676445566533,0.5655822137238448,4e-4
parametric,18,Continuous,RMSE,cart,cart,TRUE,5,0.5680075329206785,0.08847376752613201,0.40349295369440985,0.7365232008831394,4e-4
parametric,18,Continuous,RMSE,cart,parm,FALSE,5,-2.4683949976258114e-4,2.006257071069885e-4,-7.003254777929068e-4,0,0.1544
parametric,18,Continuous,RMSE,cart,svm,FALSE,5,0.3074807863283673,0.1378403791862707,0.11604043509193056,0.6172779243511043,4e-4
parametric,18,Continuous,RMSE,parm,cart,FALSE,5,0.006945714346865737,0.00427757277220395,6.236084929551476e-4,0.016680814790623076,4e-4
parametric,18,Continuous,RMSE,parm,parm,TRUE,5,0,0,0,0,1
parametric,18,Continuous,RMSE,parm,svm,FALSE,5,0.007225854024608882,0.01304301087128348,-0.021297831070063878,0.02828640453534404,0.5576
parametric,18,Continuous,RMSE,svm,cart,FALSE,5,0.18337815087353593,0.11645351286285334,-0.05192884399657967,0.3869479652213703,0.1528
parametric,18,Continuous,RMSE,svm,parm,FALSE,5,-0.007069650728233989,0.006292536134905383,-0.021075101702303856,0,0.1544
parametric,18,Continuous,RMSE,svm,svm,TRUE,5,0.2980470954538384,0.13997163934262746,0.10148549086187562,0.612264637903779,4e-4
parametric,18,Continuous,R_squared,cart,cart,TRUE,5,0.5992056485465049,0.058137969752596184,0.48412469392089114,0.7088997226125598,4e-4
parametric,18,Continuous,R_squared,cart,parm,FALSE,5,-5.6072564452282e-4,4.4335631700312964e-4,-0.0015666777138890324,0,0.1544
parametric,18,Continuous,R_squared,cart,svm,FALSE,5,0.41809264942131263,0.1320789274767493,0.21359569115908225,0.7126903510532572,4e-4
parametric,18,Continuous,R_squared,parm,cart,FALSE,5,0.00789073365419696,0.005662550265292869,3.6360064918482916e-4,0.020822495382666114,0.0016
parametric,18,Continuous,R_squared,parm,parm,TRUE,5,0,0,0,0,1
parametric,18,Continuous,R_squared,parm,svm,FALSE,5,0.012116499214044178,0.02233674204632381,-0.03413557928907024,0.050370759333058256,0.554
parametric,18,Continuous,R_squared,svm,cart,FALSE,5,0.12068179439282498,0.1016405381271663,-0.08627326360126036,0.3069798721247962,0.2304
parametric,18,Continuous,R_squared,svm,parm,FALSE,5,-0.013973063003920682,0.012408426128285313,-0.04160105094666529,-1.924829560378723e-6,0.0164
parametric,18,Continuous,R_squared,svm,svm,TRUE,5,0.39984889113102784,0.1368671848961329,0.1852155877036869,0.7055686284495982,4e-4
