Data_Type,TargetType,Metric,Synth_Family,Pred_Family,same_family,n_clusters,estimate,std_error,conf_low,conf_high,p_boot
hierarchical,Categorical,Accuracy,bn,bn,TRUE,15,0.2210680237677745,0.012705436840294881,0.19741667744105043,0.24689178896374778,4e-4
hierarchical,Categorical,Accuracy,bn,cart,FALSE,15,-0.01250452718565637,0.0024233994145768825,-0.017550122436994504,-0.00801187249673498,4e-4
hierarchical,Categorical,Accuracy,bn,parm,FALSE,15,0.17142566411989626,0.01478370386282645,0.14607534191045055,0.20401274602636238,4e-4
hierarchical,Categorical,Accuracy,bn,svm,FALSE,15,0.06519709469174464,0.00786202615502153,0.05005244770101784,0.08098270215109171,4e-4
hierarchical,Categorical,Accuracy,cart,bn,FALSE,15,0.007765927182151736,0.0025257782256891312,0.00310238131648395,0.012888413299864327,4e-4
hierarchical,Categorical,Accuracy,cart,cart,TRUE,15,-6.619386287873594e-6,6.376137296876557e-6,-1.985815886362078e-5,0,0.698
hierarchical,Categorical,Accuracy,cart,parm,FALSE,15,0.005405057380846124,0.00219523180700908,0.0012251587969879284,0.00967759876935887,0.0088
hierarchical,Categorical,Accuracy,cart,svm,FALSE,15,-0.0017700343887150241,0.0015382335827918803,-0.004964941648307107,0.0010577582364230788,0.24
hierarchical,Categorical,Accuracy,parm,bn,FALSE,15,0.06483746734970607,0.014767648775457633,0.03571624589714084,0.09313067865529466,4e-4
hierarchical,Categorical,Accuracy,parm,cart,FALSE,15,-0.08101228090328819,0.008589869448533878,-0.09828875208265518,-0.06432115814580716,4e-4
hierarchical,Categorical,Accuracy,parm,parm,TRUE,15,0.2163249507894316,0.014950454594957205,0.19065926823618992,0.24860032618998504,4e-4
hierarchical,Categorical,Accuracy,parm,svm,FALSE,15,0.051777812625183856,0.006171132790626856,0.040268120011225,0.06441858656052867,4e-4
hierarchical,Categorical,Accuracy,svm,bn,FALSE,15,0.07641349449237317,0.01627101966665461,0.04303074327315614,0.10622542765571336,4e-4
hierarchical,Categorical,Accuracy,svm,cart,FALSE,15,-0.01865116182205952,0.0027211792144786005,-0.023934273549201492,-0.013406155239293954,4e-4
hierarchical,Categorical,Accuracy,svm,parm,FALSE,15,0.1105478133416885,0.015796332256021485,0.0774289575656082,0.13907178583915314,4e-4
hierarchical,Categorical,Accuracy,svm,svm,TRUE,15,0.045334795686759716,0.011435378354633114,0.021817286712315746,0.06677234721141699,4e-4
hierarchical,Categorical,F1,bn,bn,TRUE,15,0.23072080234865625,0.015291677356079237,0.2015798083286955,0.26123726352893495,4e-4
hierarchical,Categorical,F1,bn,cart,FALSE,15,-0.01783745134674763,0.003073866625977404,-0.024268669437761545,-0.012253693836705418,4e-4
hierarchical,Categorical,F1,bn,parm,FALSE,15,0.17684618118157006,0.016961212378013433,0.14743981015205437,0.21379812501574175,4e-4
hierarchical,Categorical,F1,bn,svm,FALSE,15,0.06074486077546052,0.008262316245647208,0.04496642793646775,0.07729349663102955,4e-4
hierarchical,Categorical,F1,cart,bn,FALSE,15,0.006909023517220446,0.00273871347872005,0.0016553766349397068,0.01226073166902987,0.0068
hierarchical,Categorical,F1,cart,cart,TRUE,15,0,0,0,0,1
hierarchical,Categorical,F1,cart,parm,FALSE,15,0.004654768055590398,0.0021603607064538664,4.942408616299074e-4,0.00888613278436608,0.0252
hierarchical,Categorical,F1,cart,svm,FALSE,15,-0.0024381084254970855,0.001475014938189358,-0.005552429306777661,2.330018269153421e-4,0.0768
hierarchical,Categorical,F1,parm,bn,FALSE,15,0.010629572666425467,0.013474461331268039,-0.016452669476970144,0.03657711053873867,0.4296
hierarchical,Categorical,F1,parm,cart,FALSE,15,-0.10926296035295456,0.010552877725374383,-0.12967278408837213,-0.08848605893859643,4e-4
hierarchical,Categorical,F1,parm,parm,TRUE,15,0.22354767545292262,0.016681883735607833,0.1936414989072993,0.2590913822812642,4e-4
hierarchical,Categorical,F1,parm,svm,FALSE,15,0.03676687697288051,0.0060038661372092605,0.025378398884141957,0.04861091045684212,4e-4
hierarchical,Categorical,F1,svm,bn,FALSE,15,0.07150925873066974,0.016655258813386233,0.0376139374373489,0.10186917672874693,4e-4
hierarchical,Categorical,F1,svm,cart,FALSE,15,-0.02215792057885684,0.003259258298445397,-0.02850747898720153,-0.015910459873135163,4e-4
hierarchical,Categorical,F1,svm,parm,FALSE,15,0.11276141771671623,0.016237502443672173,0.07883285487212001,0.14212022534510932,4e-4
hierarchical,Categorical,F1,svm,svm,TRUE,15,0.04693595918868123,0.01179736977486983,0.022771545146639004,0.06916463935472648,8e-4
hierarchical,Categorical,Specificity,bn,bn,TRUE,15,0.0874102675974594,0.008988374697511734,0.070168517087956,0.10529873326254281,4e-4
hierarchical,Categorical,Specificity,bn,cart,FALSE,15,-0.008284514882286346,0.001819154951608972,-0.012177356911797063,-0.005081719251391471,4e-4
hierarchical,Categorical,Specificity,bn,parm,FALSE,15,0.07310680246393755,0.007483374189963106,0.05905257559020424,0.08845351075141641,4e-4
hierarchical,Categorical,Specificity,bn,svm,FALSE,15,0.020763788746320767,0.003292346088766644,0.01469419174132424,0.027405180778473075,4e-4
hierarchical,Categorical,Specificity,cart,bn,FALSE,15,0.006967602529489355,0.002188134999970506,0.002873643827818381,0.01134500962056818,0.0012
hierarchical,Categorical,Specificity,cart,cart,TRUE,15,0,0,0,0,1
hierarchical,Categorical,Specificity,cart,parm,FALSE,15,0.0043815377196353075,0.0012939509370262423,0.0019807174982223374,0.007065211074032055,4e-4
hierarchical,Categorical,Specificity,cart,svm,FALSE,15,-0.0011562534824867052,7.734883674051937e-4,-0.002763508737927039,2.1350941330444125e-4,0.1092
hierarchical,Categorical,Specificity,parm,bn,FALSE,15,0.023644568056196625,0.007379347942852062,0.01053210418967489,0.03973462993820583,4e-4
hierarchical,Categorical,Specificity,parm,cart,FALSE,15,-0.03740826335329712,0.004826927121324813,-0.04686529562132341,-0.028306172351758467,4e-4
hierarchical,Categorical,Specificity,parm,parm,TRUE,15,0.08878888319801326,0.00903191516034258,0.07205703945861208,0.10749796418030662,4e-4
hierarchical,Categorical,Specificity,parm,svm,FALSE,15,0.004641026739559093,0.003500448733404048,-0.002765106980369525,0.01102942006728313,0.1996
hierarchical,Categorical,Specificity,svm,bn,FALSE,15,0.03732128245414973,0.008587419505254422,0.020461791110619833,0.05407739727256933,4e-4
hierarchical,Categorical,Specificity,svm,cart,FALSE,15,-0.005957709987989445,9.160386753480348e-4,-0.0077726084683816836,-0.004190734353640192,4e-4
hierarchical,Categorical,Specificity,svm,parm,FALSE,15,0.045477195187499465,0.007521166157692989,0.030420738236826707,0.05968170322543124,4e-4
hierarchical,Categorical,Specificity,svm,svm,TRUE,15,0.014921206945835232,0.004100470970580103,0.0065074493799132,0.022219989698971654,0.0016
hierarchical,Continuous,MAE,cart,cart,TRUE,15,0,0,0,0,1
hierarchical,Continuous,MAE,cart,parm,FALSE,15,0.027382263243245147,0.006263174060600338,0.016066462419416293,0.040350848843840874,4e-4
hierarchical,Continuous,MAE,cart,svm,FALSE,15,0.06012536405141726,0.012911334607644383,0.03690140302238117,0.08717704529082655,4e-4
hierarchical,Continuous,MAE,parm,cart,FALSE,15,-0.09925270853685539,0.01067807131185212,-0.12110411569218252,-0.07934285056127562,4e-4
hierarchical,Continuous,MAE,parm,parm,TRUE,15,0.8254744251284996,0.027682763041544427,0.7683611881299598,0.8779948761859171,4e-4
hierarchical,Continuous,MAE,parm,svm,FALSE,15,0.6400987555305157,0.03961612736879771,0.5619500027988988,0.7167781820472297,4e-4
hierarchical,Continuous,MAE,svm,cart,FALSE,15,-0.00735609848720219,0.0018762187098527033,-0.011085106871666433,-0.0038743049464673674,4e-4
hierarchical,Continuous,MAE,svm,parm,FALSE,15,0.3593564526479204,0.04913346615460823,0.2618166105265624,0.4550800996372338,4e-4
hierarchical,Continuous,MAE,svm,svm,TRUE,15,0.4551513917058183,0.06285247745804394,0.3320970181522468,0.5769706847154444,4e-4
hierarchical,Continuous,RMSE,cart,cart,TRUE,15,0,0,0,0,1
hierarchical,Continuous,RMSE,cart,parm,FALSE,15,0.0704760172653792,0.01355700563279144,0.0454661728511856,0.09857080088055746,4e-4
hierarchical,Continuous,RMSE,cart,svm,FALSE,15,0.14079667022652798,0.025318900126385827,0.09437864328325386,0.19342314285165704,4e-4
hierarchical,Continuous,RMSE,parm,cart,FALSE,15,-0.09823165344399562,0.011259549864199895,-0.12102715219916241,-0.07705011937811193,4e-4
hierarchical,Continuous,RMSE,parm,parm,TRUE,15,0.782616384007601,0.033081341476022964,0.7138005515779262,0.8449011619542205,4e-4
hierarchical,Continuous,RMSE,parm,svm,FALSE,15,0.6143294654465626,0.041797142940766543,0.5307301106580257,0.6947117303585387,4e-4
hierarchical,Continuous,RMSE,svm,cart,FALSE,15,-0.009555450197243636,0.002700344751078778,-0.015243977395183225,-0.004625850035574871,4e-4
hierarchical,Continuous,RMSE,svm,parm,FALSE,15,0.41322925396259985,0.05059749700813735,0.312203347648179,0.5110062602171983,4e-4
hierarchical,Continuous,RMSE,svm,svm,TRUE,15,0.5005627403689942,0.060038936178382456,0.3832555992820869,0.6148936650002731,4e-4
hierarchical,Continuous,R_squared,cart,cart,TRUE,15,0,0,0,0,1
hierarchical,Continuous,R_squared,cart,parm,FALSE,15,0.02571205577924202,0.005934632306160398,0.014536805466255066,0.037990731189791696,4e-4
hierarchical,Continuous,R_squared,cart,svm,FALSE,15,0.10800006099121369,0.02386446523684463,0.06368932631597841,0.1570073513635395,4e-4
hierarchical,Continuous,R_squared,parm,cart,FALSE,15,-0.1838838575923226,0.02006673121977245,-0.22432840689103972,-0.14594211209904276,4e-4
hierarchical,Continuous,R_squared,parm,parm,TRUE,15,0.904981000583126,0.02737287278594031,0.8470882219924376,0.9545815667329162,4e-4
hierarchical,Continuous,R_squared,parm,svm,FALSE,15,0.7603906960001037,0.04165297008161574,0.6762491586352405,0.8389282651365847,4e-4
hierarchical,Continuous,R_squared,svm,cart,FALSE,15,-0.018869384380980535,0.005274531536269851,-0.02993427075001351,-0.009214207145503587,4e-4
hierarchical,Continuous,R_squared,svm,parm,FALSE,15,0.33582857769893404,0.04680575579664851,0.24192854728156954,0.42592772471703555,4e-4
hierarchical,Continuous,R_squared,svm,svm,TRUE,15,0.576128389007631,0.07260394795845486,0.43200073129852057,0.7165289566143432,4e-4
parametric,Categorical,Accuracy,bn,bn,TRUE,15,0.16112133091831363,0.011213108070347056,0.13949860895792968,0.18374889660547164,4e-4
parametric,Categorical,Accuracy,bn,cart,FALSE,15,0.10046964752253536,0.007318075566613597,0.08695096822285504,0.11529940248866706,4e-4
parametric,Categorical,Accuracy,bn,parm,FALSE,15,-0.0030629848418471375,5.558802852255164e-4,-0.004138232616129276,-0.0020010617744260217,4e-4
parametric,Categorical,Accuracy,bn,svm,FALSE,15,0.05687378924469145,0.004742339985399947,0.04803915196321141,0.06655397185849012,4e-4
parametric,Categorical,Accuracy,cart,bn,FALSE,15,0.06881458521734996,0.006239253067103005,0.05679985216802356,0.08121763863005056,4e-4
parametric,Categorical,Accuracy,cart,cart,TRUE,15,0.08886812281129326,0.0066506881899425,0.076427784504036,0.10230346591033526,4e-4
parametric,Categorical,Accuracy,cart,parm,FALSE,15,-0.0014361245235056587,4.097465562942639e-4,-0.002309466937082787,-7.153238365823162e-4,4e-4
parametric,Categorical,Accuracy,cart,svm,FALSE,15,0.05890631245555083,0.004812841338819585,0.04975397210496101,0.06836754960643614,4e-4
parametric,Categorical,Accuracy,parm,bn,FALSE,15,0.05453930356942502,0.004859330391662051,0.045107366856654604,0.06388287381644438,4e-4
parametric,Categorical,Accuracy,parm,cart,FALSE,15,0.0513802396102298,0.005034003580343807,0.04171183611687245,0.06151092790964835,4e-4
parametric,Categorical,Accuracy,parm,parm,TRUE,15,-6.500341901595183e-5,3.463885093620709e-5,-1.428746668104535e-4,-7.743767568988917e-6,0.0188
parametric,Categorical,Accuracy,parm,svm,FALSE,15,0.05067353217522051,0.005069122222375104,0.04107757350980033,0.060744014751716945,4e-4
parametric,Categorical,Accuracy,svm,bn,FALSE,15,0.03397839883278013,0.016514089531509027,0.002081158574348406,0.06664053453734402,0.0364
parametric,Categorical,Accuracy,svm,cart,FALSE,15,0.07448261579890482,0.006291491876399934,0.06236006364855155,0.08702620412632237,4e-4
parametric,Categorical,Accuracy,svm,parm,FALSE,15,-0.057673393888396006,0.01612570522241272,-0.08965971161235683,-0.027024178032616145,4e-4
parametric,Categorical,Accuracy,svm,svm,TRUE,15,0.026733864444207726,0.00761736254973919,0.012181904510545764,0.04178619099505481,4e-4
parametric,Categorical,F1,bn,bn,TRUE,15,0.19503714520547066,0.011335690291126658,0.17330199405073973,0.21758672787247457,4e-4
parametric,Categorical,F1,bn,cart,FALSE,15,0.11283756455272027,0.008233405848579851,0.0975501641021975,0.1300169626238892,4e-4
parametric,Categorical,F1,bn,parm,FALSE,15,-0.005825537891784597,0.0034736157679768533,-0.01344065900335608,4.029575980549029e-4,0.072
parametric,Categorical,F1,bn,svm,FALSE,15,0.06642435606520934,0.006853779873248318,0.05575690037664715,0.08170948106613346,4e-4
parametric,Categorical,F1,cart,bn,FALSE,15,0.07821835815116579,0.005712853216827899,0.06721314888637883,0.08912808119348196,4e-4
parametric,Categorical,F1,cart,cart,TRUE,15,0.11192142899130723,0.007595523195946179,0.0978301917138673,0.1272325813224303,4e-4
parametric,Categorical,F1,cart,parm,FALSE,15,-0.0033807647789652956,0.002844397976318607,-0.00895466764961941,0.0024005012666907656,0.2252
parametric,Categorical,F1,cart,svm,FALSE,15,0.0741539046788067,0.006122158810375748,0.06350882443335158,0.0873384924756731,4e-4
parametric,Categorical,F1,parm,bn,FALSE,15,0.064836591167334,0.0068302230515208985,0.05214951906028116,0.07880108969287983,4e-4
parametric,Categorical,F1,parm,cart,FALSE,15,0.060492275023215816,0.006311948840166208,0.04920395360732445,0.07370091526548714,4e-4
parametric,Categorical,F1,parm,parm,TRUE,15,-0.001216609108249704,0.0013823951751017222,-0.0042994676578103855,8.284132704480184e-4,0.4188
parametric,Categorical,F1,parm,svm,FALSE,15,0.06086496687231508,0.006887807388328919,0.04891537457911932,0.07570042880282446,4e-4
parametric,Categorical,F1,svm,bn,FALSE,15,0.035835260423232713,0.017062667527785867,0.002358358715305762,0.06934623768268554,0.034
parametric,Categorical,F1,svm,cart,FALSE,15,0.09435078351532425,0.00869325364742655,0.07741066564255189,0.11201002002661384,4e-4
parametric,Categorical,F1,svm,parm,FALSE,15,-0.061113709952330904,0.01722964554883733,-0.09543666829887089,-0.028244475530160938,4e-4
parametric,Categorical,F1,svm,svm,TRUE,15,0.042232802120057186,0.007132588473135762,0.027828015393379077,0.05558287495087753,4e-4
parametric,Categorical,Specificity,bn,bn,TRUE,15,0.06219247843396096,0.008214996360728784,0.04510288192975154,0.07739537562938234,4e-4
parametric,Categorical,Specificity,bn,cart,FALSE,15,0.0395726536546503,0.004125306209532685,0.03183739694860869,0.047950070954061716,4e-4
parametric,Categorical,Specificity,bn,parm,FALSE,15,-0.0016446166346391566,2.4165436268510962e-4,-0.0021225272321617815,-0.0011747566414212196,4e-4
parametric,Categorical,Specificity,bn,svm,FALSE,15,0.024249345225865228,0.0029535215037946737,0.01862268216704435,0.030202808195958327,4e-4
parametric,Categorical,Specificity,cart,bn,FALSE,15,0.03160477301210327,0.005326218221139742,0.022477540020557633,0.042813350851107615,4e-4
parametric,Categorical,Specificity,cart,cart,TRUE,15,0.03822969459502826,0.0038700442888292765,0.03085542434537455,0.04618995747754538,4e-4
parametric,Categorical,Specificity,cart,parm,FALSE,15,-0.0021041927619409365,7.824739236677452e-4,-0.0037285260746348107,-7.092232511765302e-4,8e-4
parametric,Categorical,Specificity,cart,svm,FALSE,15,0.02608599054233321,0.0031009956631435085,0.020223684443063657,0.032363349812754696,4e-4
parametric,Categorical,Specificity,parm,bn,FALSE,15,0.023974659613738982,0.004508594616002805,0.015805338868609978,0.03328178357366946,4e-4
parametric,Categorical,Specificity,parm,cart,FALSE,15,0.023556609441256465,0.003434683526322983,0.01704952624593762,0.030434515043782397,4e-4
parametric,Categorical,Specificity,parm,parm,TRUE,15,-1.7378814733964024e-4,8.298327377126397e-4,-0.001952858860426308,0.0012012358543617542,0.8908
parametric,Categorical,Specificity,parm,svm,FALSE,15,0.02165329410312917,0.003157200105763042,0.015650532220127984,0.0280514571979463,4e-4
parametric,Categorical,Specificity,svm,bn,FALSE,15,0.014073885096798442,0.010152182051284849,-0.004241077777933393,0.0352375205727393,0.1556
parametric,Categorical,Specificity,svm,cart,FALSE,15,0.032758364943948036,0.004541898581721308,0.024199968874823206,0.041907868821073925,4e-4
parametric,Categorical,Specificity,svm,parm,FALSE,15,-0.035679240022106,0.008893605252819752,-0.05318411915678565,-0.01852196659632765,4e-4
parametric,Categorical,Specificity,svm,svm,TRUE,15,0.006342249328220744,0.006140930005674083,-0.0059901779105840484,0.017908028299071385,0.3028
parametric,Continuous,MAE,cart,cart,TRUE,15,0.34836042286981483,0.072101544692786,0.2145840224378179,0.4938145273559289,4e-4
parametric,Continuous,MAE,cart,parm,FALSE,15,-0.001897972654761575,7.919000255996318e-4,-0.00364659212647148,-6.031297906662708e-4,4e-4
parametric,Continuous,MAE,cart,svm,FALSE,15,0.1903027878209625,0.06625896265912205,0.08225857369050509,0.33821216956763167,4e-4
parametric,Continuous,MAE,parm,cart,FALSE,15,0.025198261966027743,0.0066460224530409525,0.012803934067089805,0.03876392110864294,4e-4
parametric,Continuous,MAE,parm,parm,TRUE,15,0,0,0,0,1
parametric,Continuous,MAE,parm,svm,FALSE,15,0.03142007819058786,0.006802230881888336,0.018639514277893766,0.04515078433945732,4e-4
parametric,Continuous,MAE,svm,cart,FALSE,15,0.1782733231939722,0.07426985443006448,0.02754199417236603,0.32143468360484695,0.0192
parametric,Continuous,MAE,svm,parm,FALSE,15,-0.07519110432453015,0.026046229931945743,-0.12948192297701347,-0.027976329065772756,4e-4
parametric,Continuous,MAE,svm,svm,TRUE,15,0.11798900716583038,0.07646334968747369,-0.013430669266974926,0.28615507907449955,0.0944
parametric,Continuous,RMSE,cart,cart,TRUE,15,0.3510421490596373,0.07250203218063014,0.21628037143992532,0.4978190836051268,4e-4
parametric,Continuous,RMSE,cart,parm,FALSE,15,-9.853358087296927e-4,5.00186559163902e-4,-0.0020767988899798025,-1.5754803586451576e-4,4e-4
parametric,Continuous,RMSE,cart,svm,FALSE,15,0.21324041101751995,0.0687351438214729,0.09896690425199213,0.3641772110156429,4e-4
parametric,Continuous,RMSE,parm,cart,FALSE,15,0.02517677645385169,0.006514544080214461,0.0129311127403995,0.038467268156892886,4e-4
parametric,Continuous,RMSE,parm,parm,TRUE,15,0,0,0,0,1
parametric,Continuous,RMSE,parm,svm,FALSE,15,0.032597462078295246,0.008376866351055272,0.01581786258458458,0.04804481074927043,8e-4
parametric,Continuous,RMSE,svm,cart,FALSE,15,0.1822365874619869,0.07359702974861457,0.03243698961863294,0.3246120255951022,0.0164
parametric,Continuous,RMSE,svm,parm,FALSE,15,-0.061245068902896896,0.020042956405335658,-0.10299886950997586,-0.02472482811392316,4e-4
parametric,Continuous,RMSE,svm,svm,TRUE,15,0.16227945161019441,0.07671722458405117,0.030286494615663382,0.33278793570036663,0.0076
parametric,Continuous,R_squared,cart,cart,TRUE,15,0.3955672839337267,0.06138180332098502,0.2808506315082972,0.5183521400161241,4e-4
parametric,Continuous,R_squared,cart,parm,FALSE,15,-0.002050004024925039,0.0010298025340697218,-0.004301874584748734,-3.4670388977429967e-4,4e-4
parametric,Continuous,R_squared,cart,svm,FALSE,15,0.30547107358860687,0.07320523420566279,0.1805928401145351,0.4636752889997339,4e-4
parametric,Continuous,R_squared,parm,cart,FALSE,15,0.039968527916393964,0.011102965308127613,0.019020981306266734,0.06263534000471119,4e-4
parametric,Continuous,R_squared,parm,parm,TRUE,15,0,0,0,0,1
parametric,Continuous,R_squared,parm,svm,FALSE,15,0.06029069343296555,0.01565624726069658,0.02902317327316438,0.08952691688431033,8e-4
parametric,Continuous,R_squared,svm,cart,FALSE,15,0.20568009777680635,0.07265906590226796,0.05710349445986935,0.3415516691138587,0.008
parametric,Continuous,R_squared,svm,parm,FALSE,15,-0.10627952062824406,0.03290195205253913,-0.17415987045574652,-0.045882555881990125,4e-4
parametric,Continuous,R_squared,svm,svm,TRUE,15,0.2205799045959286,0.08842731842680474,0.0602405889487201,0.4088112303202193,0.0024
