Data_Type,p,mc,synmc,TargetType,Target,Metric,Synth_Family,rel_orig,rel_synth,reinforcement_ratio
hierarchical,6,5,3,Categorical,C3,F1,bn,0.9061998511181059,0.8031075939025533,0.8862367312372065
hierarchical,18,5,3,Categorical,C3,Specificity,bn,0.9997587454764777,0.9987667985716108,0.9990078137257062
hierarchical,18,5,4,Categorical,C3,Specificity,bn,0.9997587454764777,0.9997345502108607,0.999975798895757
parametric,6,4,1,Categorical,C1,Specificity,bn,0.8732428972541788,0.6859641884701093,0.7855365221143534
parametric,6,4,2,Categorical,C1,Specificity,bn,0.8732428972541788,0.6987285733019762,0.8001537435907642
parametric,6,4,3,Categorical,C1,Specificity,bn,0.8732428972541788,0.6747363312177244,0.7726788655703497
parametric,6,4,5,Categorical,C1,Specificity,bn,0.8732428972541788,0.6723023284212704,0.7698915508333991
parametric,6,5,1,Categorical,C2,Specificity,bn,0.6419921023875258,0.6317815786216118,0.9840955617242926
parametric,6,5,2,Categorical,C2,Specificity,bn,0.6419921023875258,0.633243017567303,0.9863719743783677
parametric,6,5,2,Categorical,C3,Specificity,bn,0.9598379466244725,0.9511367669060957,0.9909347408601871
parametric,6,5,3,Categorical,C2,F1,bn,1,0.9978026568725025,0.9978026568725025
parametric,6,5,3,Categorical,C3,Specificity,bn,0.9598379466244725,0.917200978926503,0.9555789934666431
parametric,6,5,4,Categorical,C2,F1,bn,1,0.9931531138299506,0.9931531138299506
parametric,6,5,5,Categorical,C2,F1,bn,1,0.9998375794266287,0.9998375794266287
parametric,6,5,5,Categorical,C3,F1,bn,0.9622418825319597,0.9408420058045239,0.9777603977586945
parametric,12,4,3,Categorical,C6,Specificity,bn,1,0.9860498855624602,0.9860498855624602
parametric,12,4,5,Categorical,C6,Specificity,bn,1,0.979701088587402,0.979701088587402
hierarchical,18,1,4,Categorical,C9,Accuracy,cart,1,0.999700666709194,0.999700666709194
hierarchical,18,1,5,Categorical,C9,Accuracy,cart,1,0.9988099713760344,0.9988099713760344
parametric,6,1,3,Categorical,C3,Specificity,cart,0.9936029541418062,0.9932803871637177,0.9996753562610257
parametric,6,5,1,Categorical,C2,Specificity,cart,0.9842163661674775,0.9767952365146122,0.992459859530925
parametric,6,5,2,Categorical,C2,Specificity,cart,0.9842163661674775,0.9644306348317297,0.9798969697965976
parametric,6,5,3,Categorical,C2,Specificity,cart,0.9842163661674775,0.9751674640762565,0.9908059829095738
parametric,6,5,3,Categorical,C3,Specificity,cart,0.9848959817611855,0.9273614628931383,0.9415831519942194
parametric,6,5,5,Categorical,C2,Specificity,cart,0.9842163661674775,0.9825493396494629,0.9983062397910472
parametric,6,5,5,Categorical,C3,F1,cart,0.9856719647401864,0.9817643999315311,0.9960356336099249
parametric,12,4,4,Categorical,C6,Specificity,cart,0.94269395738341355,0.9199133263588357,0.9758345422221557
parametric,6,1,3,Categorical,C1,Accuracy,parm,1,0.9982576522969775,0.9982576522969775
parametric,6,1,3,Categorical,C1,F1,parm,1,0.9597760890879824,0.9597760890879824
parametric,6,2,5,Categorical,C2,Specificity,parm,1,0.9982673985437982,0.9982673985437982
parametric,6,4,1,Categorical,C1,Specificity,parm,1,0.9654506529807635,0.9654506529807635
parametric,6,4,2,Categorical,C1,F1,parm,1,0.8403385633773055,0.8403385633773055
parametric,6,4,3,Categorical,C1,F1,parm,1,0.8530101397654318,0.8530101397654318
parametric,6,4,3,Categorical,C1,Specificity,parm,1,0.9929210995778134,0.9929210995778134
parametric,6,4,4,Categorical,C1,Specificity,parm,1,0.9401181689704922,0.9401181689704922
parametric,6,4,5,Categorical,C1,Accuracy,parm,1,0.9987833414384182,0.9987833414384182
parametric,6,4,5,Categorical,C1,Specificity,parm,1,0.9403099531672758,0.9403099531672758
parametric,6,5,1,Categorical,C2,F1,parm,0.8470014209411174,0.8165688109804802,0.9640701783866867
parametric,6,5,1,Categorical,C3,Specificity,parm,1,0.9980292535110489,0.9980292535110489
parametric,6,5,2,Categorical,C1,Specificity,parm,1,0.9998937180922152,0.9998937180922152
parametric,6,5,2,Categorical,C2,F1,parm,0.8470014209411174,0.8430417855732182,0.9953251136656894
parametric,6,5,2,Categorical,C3,Specificity,parm,1,0.9587700532871385,0.9587700532871385
parametric,6,5,3,Categorical,C2,F1,parm,0.8470014209411174,0.8293452689932049,0.979154519093611
parametric,6,5,3,Categorical,C3,Specificity,parm,1,0.98519026076745,0.98519026076745
parametric,6,5,4,Categorical,C2,Accuracy,parm,1,0.995404163287375,0.995404163287375
parametric,6,5,4,Categorical,C2,F1,parm,0.8470014209411174,0.8428402080923205,0.9950871241229167
parametric,12,4,2,Categorical,C6,Specificity,parm,0.9730580492803146,0.9651748106505826,0.9918984909116547
parametric,12,4,4,Categorical,C6,Specificity,parm,0.9730580492803146,0.9677854949545688,0.9945814596265398
parametric,18,3,1,Categorical,C6,Accuracy,parm,1,0.9949716825799457,0.9949716825799457
parametric,18,3,1,Categorical,C6,F1,parm,1,0.9948061033340818,0.9948061033340818
parametric,18,3,1,Categorical,C6,Specificity,parm,1,0.9952336305794771,0.9952336305794771
parametric,18,3,2,Categorical,C6,Specificity,parm,1,0.995272985109903,0.995272985109903
parametric,18,3,4,Categorical,C6,Accuracy,parm,1,0.9979573911186944,0.9979573911186944
parametric,18,3,4,Categorical,C6,F1,parm,1,0.9979914751423872,0.9979914751423872
parametric,18,3,4,Categorical,C6,Specificity,parm,1,0.9975401822208065,0.9975401822208065
hierarchical,6,1,1,Categorical,C3,Accuracy,svm,0.9287923885674255,0.7628580502400267,0.821343994233914
hierarchical,6,1,1,Categorical,C3,F1,svm,0.9254659907580567,0.7609736591550282,0.822259993078415
hierarchical,6,1,1,Categorical,C3,Specificity,svm,0.973299282640668,0.9018063207190293,0.9265457570998404
hierarchical,6,1,1,Continuous,X1,MAE,svm,0.9502746972880762,0.536790769050483,0.5648795770132503
hierarchical,6,1,1,Continuous,X1,RMSE,svm,0.9409513707090732,0.6701765171637567,0.7122328932458342
hierarchical,6,1,1,Continuous,X1,R_squared,svm,0.885106863350453,0.4503628659572726,0.5088231541358572
hierarchical,6,1,2,Categorical,C3,Accuracy,svm,0.9287923885674255,0.7515390637602626,0.8091572164145753
hierarchical,6,1,2,Categorical,C3,F1,svm,0.9254659907580567,0.7498376586063777,0.8102271354047053
hierarchical,6,1,2,Categorical,C3,Specificity,svm,0.973299282640668,0.8975174203662104,0.922139198470533
hierarchical,6,1,2,Continuous,X1,MAE,svm,0.9502746972880762,0.5082770727798182,0.5348738361974229
hierarchical,6,1,2,Continuous,X1,RMSE,svm,0.9409513707090732,0.6566188781465667,0.6978244557439329
hierarchical,6,1,2,Continuous,X1,R_squared,svm,0.885106863350453,0.4338129857824379,0.4901249823555736
hierarchical,6,1,3,Categorical,C3,Accuracy,svm,0.9287923885674255,0.7471507106185404,0.8044324219441008
hierarchical,6,1,3,Categorical,C3,F1,svm,0.9254659907580567,0.7444160985603684,0.8043689406140264
hierarchical,6,1,3,Categorical,C3,Specificity,svm,0.973299282640668,0.8940303738853363,0.9185564911336764
hierarchical,6,1,3,Continuous,X1,MAE,svm,0.9502746972880762,0.5668009232643499,0.5964600813658453
hierarchical,6,1,3,Continuous,X1,RMSE,svm,0.9409513707090732,0.6717578404485584,0.7139134511726588
hierarchical,6,1,3,Continuous,X1,R_squared,svm,0.885106863350453,0.4518370738697372,0.5104887246714693
hierarchical,6,1,4,Categorical,C3,Accuracy,svm,0.9287923885674255,0.7600529441180385,0.8183238293870477
hierarchical,6,1,4,Categorical,C3,F1,svm,0.9254659907580567,0.7590507513099047,0.8201822205137546
hierarchical,6,1,4,Categorical,C3,Specificity,svm,0.973299282640668,0.9021778109113631,0.9269274384582463
hierarchical,6,1,4,Continuous,X1,MAE,svm,0.9502746972880762,0.5361496586938171,0.5642049190869733
hierarchical,6,1,4,Continuous,X1,RMSE,svm,0.9409513707090732,0.6497856031435284,0.6905623641887775
hierarchical,6,1,4,Continuous,X1,R_squared,svm,0.885106863350453,0.4214497740979996,0.47615693827371103
hierarchical,6,1,5,Categorical,C3,Accuracy,svm,0.9287923885674255,0.7645142813012825,0.8231272033575485
hierarchical,6,1,5,Categorical,C3,F1,svm,0.9254659907580567,0.7623638747083933,0.8237621720533834
hierarchical,6,1,5,Categorical,C3,Specificity,svm,0.973299282640668,0.8997207534361394,0.9244029760251112
hierarchical,6,1,5,Continuous,X1,MAE,svm,0.9502746972880762,0.5319631195288984,0.5597993096596505
hierarchical,6,1,5,Continuous,X1,RMSE,svm,0.9409513707090732,0.6641569241128018,0.7058355455843724
hierarchical,6,1,5,Continuous,X1,R_squared,svm,0.885106863350453,0.44303191140864007,0.5005405897900309
hierarchical,6,2,1,Continuous,X1,MAE,svm,0.9823958878463905,0.42314268224605256,0.4307252172784095
hierarchical,6,2,1,Continuous,X1,RMSE,svm,0.8562631602429531,0.5601053546997339,0.6541275868283433
hierarchical,6,2,1,Continuous,X1,R_squared,svm,0.7324029144624669,0.31336203641600857,0.42785470978907103
hierarchical,6,2,2,Continuous,X1,MAE,svm,0.9823958878463905,0.4310019968111375,0.4387253673831846
hierarchical,6,2,2,Continuous,X1,RMSE,svm,0.8562631602429531,0.5746614495838164,0.6711271443942116
hierarchical,6,2,2,Continuous,X1,R_squared,svm,0.7324029144624669,0.33121876579234416,0.45223572879340035
hierarchical,6,2,3,Continuous,X1,MAE,svm,0.9823958878463905,0.4472894605005475,0.45530469542283614
hierarchical,6,2,3,Continuous,X1,RMSE,svm,0.8562631602429531,0.5760194568410256,0.6727131138954849
hierarchical,6,2,3,Continuous,X1,R_squared,svm,0.7324029144624669,0.33433980889925413,0.45649710329817084
hierarchical,6,2,4,Continuous,X1,MAE,svm,0.9823958878463905,0.43509190471335835,0.44288856467749205
hierarchical,6,2,4,Continuous,X1,RMSE,svm,0.8562631602429531,0.5647705751234823,0.6595759357009313
hierarchical,6,2,4,Continuous,X1,R_squared,svm,0.7324029144624669,0.3216519203466957,0.43917345766266647
hierarchical,6,2,5,Continuous,X1,MAE,svm,0.9823958878463905,0.4060205458546774,0.41329625956065036
hierarchical,6,2,5,Continuous,X1,RMSE,svm,0.8562631602429531,0.5407570920883435,0.6315314230439518
hierarchical,6,2,5,Continuous,X1,R_squared,svm,0.7324029144624669,0.2929456122632167,0.3999787637085231
hierarchical,6,3,1,Categorical,C1,Accuracy,svm,0.9988000298179907,0.9942965281116314,0.9954910877333675
hierarchical,6,3,1,Categorical,C1,F1,svm,0.9988000916086149,0.9942978192020873,0.9954923187889615
hierarchical,6,3,1,Categorical,C1,Specificity,svm,0.999564611929839,0.9978817379068766,0.9983163929546152
hierarchical,6,3,1,Continuous,X1,MAE,svm,0.8542006579064022,0.5682426610613805,0.6652332280498489
hierarchical,6,3,1,Continuous,X1,RMSE,svm,0.8617101221529007,0.7429220460938514,0.8621484499192505
hierarchical,6,3,1,Continuous,X1,R_squared,svm,0.7430312625066083,0.5517576734889041,0.7425766604053177
hierarchical,6,3,2,Categorical,C1,Accuracy,svm,0.9988000298179907,0.9921954348129994,0.9933874701563687
hierarchical,6,3,2,Categorical,C1,F1,svm,0.9988000916086149,0.9921958738428648,0.9933878482578894
hierarchical,6,3,2,Categorical,C1,Specificity,svm,0.999564611929839,0.9971023991429938,0.997536714728134
hierarchical,6,3,2,Continuous,X1,MAE,svm,0.8542006579064022,0.5527614194359762,0.6471095688345212
hierarchical,6,3,2,Continuous,X1,RMSE,svm,0.8617101221529007,0.7496624519942869,0.8699705767890097
hierarchical,6,3,2,Continuous,X1,R_squared,svm,0.7430312625066083,0.5648432756953436,0.7601877662453268
hierarchical,6,3,3,Categorical,C1,Accuracy,svm,0.9988000298179907,0.9929965982991646,0.9941895961698324
hierarchical,6,3,3,Categorical,C1,F1,svm,0.9988000916086149,0.9929957218671576,0.9941886571795271
hierarchical,6,3,3,Categorical,C1,Specificity,svm,0.999564611929839,0.9973618710533514,0.9977962996586736
hierarchical,6,3,3,Continuous,X1,MAE,svm,0.8542006579064022,0.5534382061708575,0.6479018729946936
hierarchical,6,3,3,Continuous,X1,RMSE,svm,0.8617101221529007,0.7411325433552283,0.860071762303986
hierarchical,6,3,3,Continuous,X1,R_squared,svm,0.7430312625066083,0.5513783998600678,0.7420662193943205
hierarchical,6,3,4,Categorical,C1,Accuracy,svm,0.9988000298179907,0.992997447754171,0.994190446645384
hierarchical,6,3,4,Categorical,C1,F1,svm,0.9988000916086149,0.9929962980417602,0.994189234046317
hierarchical,6,3,4,Categorical,C1,Specificity,svm,0.999564611929839,0.9973974088491894,0.9978318529339835
hierarchical,6,3,4,Continuous,X1,MAE,svm,0.8542006579064022,0.5781181413605923,0.6767943058923969
hierarchical,6,3,4,Continuous,X1,RMSE,svm,0.8617101221529007,0.77037465095632085,0.8940067328344864
hierarchical,6,3,4,Continuous,X1,R_squared,svm,0.7430312625066083,0.5988599097579804,0.8059686583546063
hierarchical,6,3,5,Categorical,C1,Accuracy,svm,0.9988000298179907,0.9939969980484239,0.9951911978111955
hierarchical,6,3,5,Categorical,C1,F1,svm,0.9988000916086149,0.9939972318611456,0.9951913703374475
hierarchical,6,3,5,Categorical,C1,Specificity,svm,0.999564611929839,0.9977385647017591,0.9981731573864401
hierarchical,6,3,5,Continuous,X1,MAE,svm,0.8542006579064022,0.5529538520215748,0.6473348467991509
hierarchical,6,3,5,Continuous,X1,RMSE,svm,0.8617101221529007,0.7553859624201315,0.8766126136859941
hierarchical,6,3,5,Continuous,X1,R_squared,svm,0.7430312625066083,0.5707392340464027,0.7681227733554841
hierarchical,6,4,1,Categorical,C3,Accuracy,svm,0.8231007924158228,0.6868929509684394,0.8345186364751154
hierarchical,6,4,1,Categorical,C3,F1,svm,0.823894971797584,0.6818717928666291,0.8276198013187446
hierarchical,6,4,1,Categorical,C3,Specificity,svm,0.9499780250160385,0.8895885706216813,0.9364306828114918
hierarchical,6,4,1,Continuous,X1,MAE,svm,0.8523953808734204,0.42195597199179946,0.4950237665054398
hierarchical,6,4,1,Continuous,X1,RMSE,svm,0.8628919608554219,0.456850494632123,0.5294411297785502
hierarchical,6,4,1,Continuous,X1,R_squared,svm,0.745421779715278,0.2089076669803061,0.2802543105999675
hierarchical,6,4,2,Categorical,C3,Accuracy,svm,0.8231007924158228,0.6925907600634944,0.841441007523176
hierarchical,6,4,2,Categorical,C3,F1,svm,0.823894971797584,0.6881161340412192,0.8351988513048928
hierarchical,6,4,2,Categorical,C3,Specificity,svm,0.9499780250160385,0.8921160470406565,0.9390912458481289
hierarchical,6,4,2,Continuous,X1,MAE,svm,0.8523953808734204,0.3960691257037208,0.4646542374477468
hierarchical,6,4,2,Continuous,X1,RMSE,svm,0.8628919608554219,0.42923757032203047,0.4974406875879442
hierarchical,6,4,2,Continuous,X1,R_squared,svm,0.745421779715278,0.1864555109310774,0.2501342407815024
hierarchical,6,4,3,Categorical,C3,Accuracy,svm,0.8231007924158228,0.6916079019456886,0.8402469154668177
hierarchical,6,4,3,Categorical,C3,F1,svm,0.823894971797584,0.687009810778876,0.8338560548317824
hierarchical,6,4,3,Categorical,C3,Specificity,svm,0.9499780250160385,0.8932864475957042,0.9403232749311469
hierarchical,6,4,3,Continuous,X1,MAE,svm,0.8523953808734204,0.4094261816802455,0.4803242613313091
hierarchical,6,4,3,Continuous,X1,RMSE,svm,0.8628919608554219,0.4372709756124801,0.5067505498359198
hierarchical,6,4,3,Continuous,X1,R_squared,svm,0.745421779715278,0.19191965140402506,0.2574645075132241
hierarchical,6,4,4,Categorical,C3,Accuracy,svm,0.8231007924158228,0.6771070138368576,0.8226295249328219
hierarchical,6,4,4,Categorical,C3,F1,svm,0.823894971797584,0.6739879591109231,0.8180508222309065
hierarchical,6,4,4,Categorical,C3,Specificity,svm,0.9499780250160385,0.8876066199445742,0.9343443706811942
hierarchical,6,4,4,Continuous,X1,MAE,svm,0.8523953808734204,0.4030315587360458,0.47282231670832514
hierarchical,6,4,4,Continuous,X1,RMSE,svm,0.8628919608554219,0.44344429678293007,0.513904772439095
hierarchical,6,4,4,Continuous,X1,R_squared,svm,0.745421779715278,0.19697595598959608,0.26424765327467786
hierarchical,6,4,5,Categorical,C3,Accuracy,svm,0.8231007924158228,0.6871995074460308,0.834891077469482
hierarchical,6,4,5,Categorical,C3,F1,svm,0.823894971797584,0.6811342989357765,0.8267246703177099
hierarchical,6,4,5,Categorical,C3,Specificity,svm,0.9499780250160385,0.8902587186905763,0.9371361181492025
hierarchical,6,4,5,Continuous,X1,MAE,svm,0.8523953808734204,0.3689070348976626,0.43278863679394436
hierarchical,6,4,5,Continuous,X1,RMSE,svm,0.8628919608554219,0.3641011685230904,0.4219545262214997
hierarchical,6,4,5,Continuous,X1,R_squared,svm,0.745421779715278,0.13252810201462054,0.1777894148266517
hierarchical,6,5,1,Categorical,C3,Accuracy,svm,0.8976815708540336,0.8644015367753842,0.9629266822900381
hierarchical,6,5,1,Categorical,C3,F1,svm,0.9279236237883072,0.8861307612196011,0.9549608809418129
hierarchical,6,5,1,Continuous,X1,MAE,svm,0.9722330832903222,0.34152729428801065,0.3512812926836248
hierarchical,6,5,1,Continuous,X1,RMSE,svm,0.9328276679379415,0.4632214689523197,0.4965777547918278
hierarchical,6,5,1,Continuous,X1,R_squared,svm,0.8718628011599212,0.21497737561308758,0.24657248288042904
hierarchical,6,5,2,Categorical,C3,Accuracy,svm,0.8976815708540336,0.8729008742502186,0.9723947807235931
hierarchical,6,5,2,Categorical,C3,F1,svm,0.9279236237883072,0.8909666070638178,0.9601723506363488
hierarchical,6,5,2,Continuous,X1,MAE,svm,0.9722330832903222,0.34090693288152923,0.3506432137937541
hierarchical,6,5,2,Continuous,X1,RMSE,svm,0.9328276679379415,0.47353287774848,0.5076316816323064
hierarchical,6,5,2,Continuous,X1,R_squared,svm,0.8718628011599212,0.22495238808443804,0.2580135174767896
hierarchical,6,5,3,Categorical,C3,Accuracy,svm,0.8976815708540336,0.8774011873002968,0.9774080428826868
hierarchical,6,5,3,Categorical,C3,F1,svm,0.9279236237883072,0.8961379400286998,0.9657453663806508
hierarchical,6,5,3,Continuous,X1,MAE,svm,0.9722330832903222,0.3046969185967688,0.313399043741224
hierarchical,6,5,3,Continuous,X1,RMSE,svm,0.9328276679379415,0.4197784406545679,0.4500064214245569
hierarchical,6,5,3,Continuous,X1,R_squared,svm,0.8718628011599212,0.17685726005832236,0.20284987480029254
hierarchical,6,5,4,Categorical,C3,Accuracy,svm,0.8976815708540336,0.8679144750673982,0.9668400279641303
hierarchical,6,5,4,Categorical,C3,F1,svm,0.9279236237883072,0.8874154226119361,0.9563453282814444
hierarchical,6,5,4,Continuous,X1,MAE,svm,0.9722330832903222,0.33255470601588605,0.342052447845555
hierarchical,6,5,4,Continuous,X1,RMSE,svm,0.9328276679379415,0.4620360796065968,0.4953070063069086
hierarchical,6,5,4,Continuous,X1,R_squared,svm,0.8718628011599212,0.2134205533734137,0.24478685532801747
hierarchical,6,5,5,Categorical,C3,Accuracy,svm,0.8976815708540336,0.8658,0.9644845434181052
hierarchical,6,5,5,Categorical,C3,F1,svm,0.9279236237883072,0.8855644025751093,0.9543505304453144
hierarchical,6,5,5,Continuous,X1,MAE,svm,0.9722330832903222,0.3313370052095019,0.3407999695794759
hierarchical,6,5,5,Continuous,X1,RMSE,svm,0.9328276679379415,0.46001471403318644,0.49314008347337096
hierarchical,6,5,5,Continuous,X1,R_squared,svm,0.8718628011599212,0.2120357682989967,0.24319854914890915
hierarchical,12,1,1,Categorical,C4,Accuracy,svm,0.9734829262900966,0.9561368628253512,0.9821814404790328
hierarchical,12,1,1,Categorical,C4,F1,svm,0.9745733448190889,0.9596729152082725,0.9847108176208303
hierarchical,12,1,1,Categorical,C4,Specificity,svm,0.9799216533670545,0.9536727947603865,0.973213308924774
hierarchical,12,1,2,Categorical,C4,Accuracy,svm,0.9734829262900966,0.9599637822423587,0.986112602817536
hierarchical,12,1,2,Categorical,C4,F1,svm,0.9745733448190889,0.9629360447164458,0.9880590823004672
hierarchical,12,1,2,Categorical,C4,Specificity,svm,0.9799216533670545,0.9586786262008457,0.9783217085843374
hierarchical,12,1,3,Categorical,C4,Accuracy,svm,0.9734829262900966,0.9553253299261133,0.9813478019248051
hierarchical,12,1,3,Categorical,C4,F1,svm,0.9745733448190889,0.9580194630251417,0.9830142268081218
hierarchical,12,1,3,Categorical,C4,Specificity,svm,0.9799216533670545,0.955024354283135,0.9745925615600275
hierarchical,12,1,4,Categorical,C4,Accuracy,svm,0.9734829262900966,0.955943909238261,0.9819832309553943
hierarchical,12,1,4,Categorical,C4,F1,svm,0.9745733448190889,0.9584956363234144,0.9835028234856362
hierarchical,12,1,4,Categorical,C4,Specificity,svm,0.9799216533670545,0.9514447641444436,0.9709396265254849
hierarchical,12,1,5,Categorical,C4,Accuracy,svm,0.9734829262900966,0.9626375845703322,0.9888592378696404
hierarchical,12,1,5,Categorical,C4,F1,svm,0.9745733448190889,0.9647629186569304,0.9899336194506946
hierarchical,12,1,5,Categorical,C4,Specificity,svm,0.9799216533670545,0.9649588969965166,0.9847306605389061
hierarchical,12,2,1,Categorical,C6,Accuracy,svm,0.8816363173703791,0.6822062959238141,0.7737955917680469
hierarchical,12,2,1,Categorical,C6,F1,svm,0.8820735090128216,0.6807663006353786,0.7717795554219316
hierarchical,12,2,1,Categorical,C6,Specificity,svm,0.9653105510126266,0.8917891825460934,0.9238365639022508
hierarchical,12,2,2,Categorical,C6,Accuracy,svm,0.8816363173703791,0.6917664166552662,0.7846392021582889
hierarchical,12,2,2,Categorical,C6,F1,svm,0.8820735090128216,0.691368551477246,0.7837992462226824
hierarchical,12,2,2,Categorical,C6,Specificity,svm,0.9653105510126266,0.8950477529381227,0.9272122344453843
hierarchical,12,2,3,Categorical,C6,Accuracy,svm,0.8816363173703791,0.6706108469684289,0.7606434010892753
hierarchical,12,2,3,Categorical,C6,F1,svm,0.8820735090128216,0.6703789713467897,0.7600035195445886
hierarchical,12,2,3,Categorical,C6,Specificity,svm,0.9653105510126266,0.888801757641946,0.9207417827450227
hierarchical,12,2,4,Categorical,C6,Accuracy,svm,0.8816363173703791,0.6805470124004545,0.7719135418902597
hierarchical,12,2,4,Categorical,C6,F1,svm,0.8820735090128216,0.6801610388899717,0.7710933748040778
hierarchical,12,2,4,Categorical,C6,Specificity,svm,0.9653105510126266,0.8929545076665664,0.9250437662054376
hierarchical,12,2,5,Categorical,C6,Accuracy,svm,0.8816363173703791,0.67507553545908,0.7657074943017325
hierarchical,12,2,5,Categorical,C6,F1,svm,0.8820735090128216,0.6750191075931228,0.7652640065662724
hierarchical,12,2,5,Categorical,C6,Specificity,svm,0.9653105510126266,0.8898161596411097,0.9217926383459478
hierarchical,18,2,1,Categorical,C6,Accuracy,svm,0.968365237158784,0.8692838995607565,0.8976818520574578
hierarchical,18,2,1,Categorical,C6,F1,svm,0.9685531460740148,0.8685785622332235,0.89677945475059
hierarchical,18,2,1,Categorical,C6,Specificity,svm,0.9895263694883808,0.9525940624242781,0.9626767833552552
hierarchical,18,2,2,Categorical,C6,Accuracy,svm,0.968365237158784,0.8715796404147277,0.9000525906650383
hierarchical,18,2,2,Categorical,C6,F1,svm,0.9685531460740148,0.871217434840549,0.8995040059205718
hierarchical,18,2,2,Categorical,C6,Specificity,svm,0.9895263694883808,0.9527557703785122,0.9628402029054767
hierarchical,18,2,3,Categorical,C6,Accuracy,svm,0.968365237158784,0.8694340384681691,0.8978368957348342
hierarchical,18,2,3,Categorical,C6,F1,svm,0.9685531460740148,0.8692854848845367,0.8975093296719391
hierarchical,18,2,3,Categorical,C6,Specificity,svm,0.9895263694883808,0.9528656330405572,0.9629512284076083
hierarchical,18,2,4,Categorical,C6,Accuracy,svm,0.968365237158784,0.8740970149267537,0.9026522033064546
hierarchical,18,2,4,Categorical,C6,F1,svm,0.9685531460740148,0.8739627026284907,0.9023384066956552
hierarchical,18,2,4,Categorical,C6,Specificity,svm,0.9895263694883808,0.9555444054187827,0.9656583542213555
hierarchical,18,2,5,Categorical,C6,Accuracy,svm,0.968365237158784,0.8608985730962864,0.8890225919532093
hierarchical,18,2,5,Categorical,C6,F1,svm,0.9685531460740148,0.8607001849562279,0.8886452833745223
hierarchical,18,2,5,Categorical,C6,Specificity,svm,0.9895263694883808,0.9494601624695105,0.9595097126723506
hierarchical,18,4,1,Categorical,C3,Accuracy,svm,0.9243736787310654,0.8074992236779804,0.873563627197256
hierarchical,18,4,1,Categorical,C3,F1,svm,0.9232161723933842,0.805134495348271,0.8720974777348264
hierarchical,18,4,1,Categorical,C3,Specificity,svm,0.9777362210993926,0.9326503761826865,0.9538875169562498
hierarchical,18,4,2,Categorical,C3,Accuracy,svm,0.9243736787310654,0.8035301196704716,0.8692697965756859
hierarchical,18,4,2,Categorical,C3,F1,svm,0.9232161723933842,0.8014381561405411,0.8680937142412263
hierarchical,18,4,2,Categorical,C3,Specificity,svm,0.9777362210993926,0.9316118000748973,0.9528252917002177
hierarchical,18,4,3,Categorical,C3,Accuracy,svm,0.9243736787310654,0.8056123826064502,0.8715224169000086
hierarchical,18,4,3,Categorical,C3,F1,svm,0.9232161723933842,0.8030574690486647,0.8698477052961334
hierarchical,18,4,3,Categorical,C3,Specificity,svm,0.9777362210993926,0.9339215277529753,0.9551876135905543
hierarchical,18,4,4,Categorical,C3,Accuracy,svm,0.9243736787310654,0.7926075090455698,0.8574535680566135
hierarchical,18,4,4,Categorical,C3,F1,svm,0.9232161723933842,0.7903855252702757,0.8561218367971688
hierarchical,18,4,4,Categorical,C3,Specificity,svm,0.9777362210993926,0.9275676480664726,0.9486890513511823
hierarchical,18,4,5,Categorical,C3,Accuracy,svm,0.9243736787310654,0.8121512838686855,0.8785962890933532
hierarchical,18,4,5,Categorical,C3,F1,svm,0.9232161723933842,0.8108479659366188,0.8782861372917057
hierarchical,18,4,5,Categorical,C3,Specificity,svm,0.9777362210993926,0.9355341975929944,0.9568370051188805
hierarchical,18,5,1,Categorical,C3,Accuracy,svm,1,0.9989757737986785,0.9989757737986785
hierarchical,18,5,1,Categorical,C3,F1,svm,1,0.9992421265742554,0.9992421265742554
hierarchical,18,5,1,Categorical,C3,Specificity,svm,1,0.994846131927625,0.994846131927625
hierarchical,18,5,2,Categorical,C3,Accuracy,svm,1,0.998567188619384,0.998567188619384
hierarchical,18,5,2,Categorical,C3,F1,svm,1,0.9988823356467798,0.9988823356467798
hierarchical,18,5,2,Categorical,C3,Specificity,svm,1,0.9974554707379135,0.9974554707379135
hierarchical,18,5,3,Categorical,C3,Specificity,svm,1,0.9980160925504776,0.9980160925504776
hierarchical,18,5,5,Categorical,C3,Accuracy,svm,1,0.9981601228667789,0.9981601228667789
hierarchical,18,5,5,Categorical,C3,F1,svm,1,0.9985680904391764,0.9985680904391764
hierarchical,18,5,5,Categorical,C3,Specificity,svm,1,0.9971686948512808,0.9971686948512808
parametric,6,1,1,Categorical,C3,Accuracy,svm,0.9945844967473416,0.6370804219241334,0.6405493188438202
parametric,6,1,1,Categorical,C3,F1,svm,0.9923293953313195,0.6251823376011946,0.6300149330882799
parametric,6,1,1,Categorical,C3,Specificity,svm,0.996781187715395,0.7954176520279627,0.7979862198754433
parametric,6,1,1,Continuous,X1,MAE,svm,0.9568029308634693,0.45438903858978047,0.4749034769152681
parametric,6,1,1,Continuous,X1,RMSE,svm,0.9491534996982812,0.5507857322692223,0.5802915254954095
parametric,6,1,1,Continuous,X1,R_squared,svm,0.9002622293883786,0.30556989791030403,0.33942321240990253
parametric,6,1,1,Continuous,X2,MAE,svm,0.9428404837626421,0.8311910045800436,0.881581793415326
parametric,6,1,1,Continuous,X2,RMSE,svm,0.9373183501396729,0.8476949254071445,0.904383153579386
parametric,6,1,1,Continuous,X2,R_squared,svm,0.8791597475844787,0.7199400014298077,0.8188955458980776
parametric,6,1,2,Categorical,C3,Accuracy,svm,0.9945844967473416,0.6335005133751284,0.6369499177263559
parametric,6,1,2,Categorical,C3,F1,svm,0.9923293953313195,0.6215888563971105,0.6263936746422533
parametric,6,1,2,Categorical,C3,Specificity,svm,0.996781187715395,0.7893171515692478,0.7918660196410295
parametric,6,1,2,Continuous,X1,MAE,svm,0.9568029308634693,0.4555571819863412,0.4761243588324112
parametric,6,1,2,Continuous,X1,RMSE,svm,0.9491534996982812,0.5361943775367601,0.5649185065505281
parametric,6,1,2,Continuous,X1,R_squared,svm,0.9002622293883786,0.2883325850779863,0.32027622137815787
parametric,6,1,2,Continuous,X2,MAE,svm,0.9428404837626421,0.83453759126754,0.8851312662531289
parametric,6,1,2,Continuous,X2,RMSE,svm,0.9373183501396729,0.8523943776043409,0.9093968740474597
parametric,6,1,2,Continuous,X2,R_squared,svm,0.8791597475844787,0.7278991476922243,0.8279486745067116
parametric,6,1,3,Categorical,C3,Accuracy,svm,0.9945844967473416,0.6419989289997322,0.6454946071442956
parametric,6,1,3,Categorical,C3,F1,svm,0.9923293953313195,0.6300050416905769,0.6348749161867068
parametric,6,1,3,Categorical,C3,Specificity,svm,0.996781187715395,0.7929959497347902,0.7955566974054987
parametric,6,1,3,Continuous,X1,MAE,svm,0.9568029308634693,0.4613737431597169,0.4822035220391193
parametric,6,1,3,Continuous,X1,RMSE,svm,0.9491534996982812,0.5416810792725479,0.5706991329060458
parametric,6,1,3,Continuous,X1,R_squared,svm,0.9002622293883786,0.2940785067850374,0.3266587191876625
parametric,6,1,3,Continuous,X2,MAE,svm,0.9428404837626421,0.8429692515537734,0.894074094262152
parametric,6,1,3,Continuous,X2,RMSE,svm,0.9373183501396729,0.8609169637724596,0.9184893943921737
parametric,6,1,3,Continuous,X2,R_squared,svm,0.8791597475844787,0.7419260535157639,0.8439035744689528
parametric,6,1,4,Categorical,C3,Accuracy,svm,0.9945844967473416,0.6355022268005567,0.6389625304626038
parametric,6,1,4,Categorical,C3,F1,svm,0.9923293953313195,0.6241844721777121,0.6290093542671978
parametric,6,1,4,Categorical,C3,Specificity,svm,0.996781187715395,0.7897742417111097,0.7923245858213459
parametric,6,1,4,Continuous,X1,MAE,svm,0.9568029308634693,0.4544763460630274,0.474994726085218
parametric,6,1,4,Continuous,X1,RMSE,svm,0.9491534996982812,0.5327835331219108,0.5613249419522481
parametric,6,1,4,Continuous,X1,R_squared,svm,0.9002622293883786,0.2845711745762321,0.3160980937404921
parametric,6,1,4,Continuous,X2,MAE,svm,0.9428404837626421,0.8325517638736374,0.883025048469631
parametric,6,1,4,Continuous,X2,RMSE,svm,0.9373183501396729,0.8521339828056327,0.9091190657674134
parametric,6,1,4,Continuous,X2,R_squared,svm,0.8791597475844787,0.7261385974370805,0.825946137129425
parametric,6,1,5,Categorical,C3,Accuracy,svm,0.9945844967473416,0.6437999999999999,0.6473054849592604
parametric,6,1,5,Categorical,C3,F1,svm,0.9923293953313195,0.63535452344051635,0.6402657488830953
parametric,6,1,5,Categorical,C3,Specificity,svm,0.996781187715395,0.8001800057989199,0.802763952270125
parametric,6,1,5,Continuous,X1,MAE,svm,0.9568029308634693,0.4559743005770559,0.47656030920135317
parametric,6,1,5,Continuous,X1,RMSE,svm,0.9491534996982812,0.5315971876601336,0.5600750435299652
parametric,6,1,5,Continuous,X1,R_squared,svm,0.9002622293883786,0.28400325401716026,0.31546725470211806
parametric,6,1,5,Continuous,X2,MAE,svm,0.9428404837626421,0.8439527463042418,0.8951172131856665
parametric,6,1,5,Continuous,X2,RMSE,svm,0.9373183501396729,0.864023497616821,0.9218036726668906
parametric,6,1,5,Continuous,X2,R_squared,svm,0.8791597475844787,0.7468604395737715,0.849516190460034
parametric,6,2,1,Categorical,C1,Specificity,svm,0.9765366633135647,0.9655142824993684,0.988712783423005
parametric,6,2,1,Categorical,C2,Accuracy,svm,0.9649161916527438,0.8741,0.905881782854954
parametric,6,2,1,Categorical,C2,F1,svm,0.9256263859695174,0.8497070872253818,0.9179806238295418
parametric,6,2,1,Categorical,C2,Specificity,svm,0.9805416439886181,0.9411444141689373,0.9598209519593458
parametric,6,2,1,Continuous,X1,MAE,svm,0.9373058476630642,0.6647602960281515,0.7092245265358833
parametric,6,2,1,Continuous,X1,RMSE,svm,0.918064457374723,0.8737962108579717,0.951780894945721
parametric,6,2,1,Continuous,X1,R_squared,svm,0.8418469559406162,0.7638213237137668,0.9073161318975496
parametric,6,2,2,Categorical,C1,F1,svm,0.8809388623292427,0.8740861026779998,0.9922210723759832
parametric,6,2,2,Categorical,C1,Specificity,svm,0.9765366633135647,0.9629363818648,0.9860729433315729
parametric,6,2,2,Categorical,C2,Accuracy,svm,0.9649161916527438,0.8780159246343656,0.9099400882997598
parametric,6,2,2,Categorical,C2,F1,svm,0.9256263859695174,0.8543787998648884,0.9230277062272776
parametric,6,2,2,Categorical,C2,Specificity,svm,0.9805416439886181,0.93581991194903,0.954390787669486
parametric,6,2,2,Continuous,X1,MAE,svm,0.9373058476630642,0.7210873014785629,0.7693191110206047
parametric,6,2,2,Continuous,X1,RMSE,svm,0.918064457374723,0.8897280581807289,0.9691346299637563
parametric,6,2,2,Continuous,X1,R_squared,svm,0.8418469559406162,0.7931305645307367,0.9421315346380893
parametric,6,2,3,Categorical,C2,Accuracy,svm,0.9649161916527438,0.8637990862997716,0.8952063337440995
parametric,6,2,3,Categorical,C2,F1,svm,0.9256263859695174,0.8305275576495216,0.8972600287097611
parametric,6,2,3,Categorical,C2,Specificity,svm,0.9805416439886181,0.94556598062954,0.9643302621836589
parametric,6,2,3,Continuous,X1,MAE,svm,0.9373058476630642,0.6717740636141196,0.716707428305306
parametric,6,2,3,Continuous,X1,RMSE,svm,0.918064457374723,0.8854347026119894,0.9644581004082863
parametric,6,2,3,Continuous,X1,R_squared,svm,0.8418469559406162,0.7851182887346052,0.9326140377348913
parametric,6,2,4,Categorical,C1,Specificity,svm,0.9765366633135647,0.9684334743805855,0.9917021149974199
parametric,6,2,4,Categorical,C2,Accuracy,svm,0.9649161916527438,0.8681813632269043,0.8997479477879332
parametric,6,2,4,Categorical,C2,F1,svm,0.9256263859695174,0.84247124001557006,0.9101633799398996
parametric,6,2,4,Categorical,C2,Specificity,svm,0.9805416439886181,0.9437419827744181,0.962470068008017
parametric,6,2,4,Continuous,X1,MAE,svm,0.9373058476630642,0.6890874704194552,0.735178887593117
parametric,6,2,4,Continuous,X1,RMSE,svm,0.918064457374723,0.8699600391110258,0.9476023520164853
parametric,6,2,4,Continuous,X1,R_squared,svm,0.8418469559406162,0.7576821689543856,0.9000236487258052
parametric,6,2,5,Categorical,C1,Specificity,svm,0.9765366633135647,0.9652078466203687,0.9883989847808118
parametric,6,2,5,Categorical,C2,Accuracy,svm,0.9649161916527438,0.8716358179089544,0.903328004493307
parametric,6,2,5,Categorical,C2,F1,svm,0.9256263859695174,0.8463859957834764,0.9143926843625538
parametric,6,2,5,Categorical,C2,Specificity,svm,0.9805416439886181,0.9383285611367032,0.9569492197392027
parametric,6,2,5,Continuous,X1,MAE,svm,0.9373058476630642,0.6393402378579796,0.6821041813107357
parametric,6,2,5,Continuous,X1,RMSE,svm,0.918064457374723,0.8632832454190643,0.940329666925229
parametric,6,2,5,Continuous,X1,R_squared,svm,0.8418469559406162,0.7460447248935018,0.8861999436226835
parametric,6,2,5,Continuous,X2,MAE,svm,0.9687340800930662,0.9642399938571055,0.9953608670033277
parametric,6,3,1,Categorical,C1,Accuracy,svm,0.8154169349054895,0.7382408270138335,0.9053538078644381
parametric,6,3,1,Categorical,C1,F1,svm,0.7835928395778787,0.7250437846871326,0.9252812788306151
parametric,6,3,1,Categorical,C3,Accuracy,svm,0.9883467036595108,0.9860917314576177,0.9977184401045264
parametric,6,3,1,Categorical,C3,F1,svm,0.9779866582803937,0.9752781091052287,0.9972304845344951
parametric,6,3,1,Continuous,X1,MAE,svm,0.9682335139326983,0.6136982683828138,0.6338329127754938
parametric,6,3,1,Continuous,X1,RMSE,svm,0.9406034197324041,0.7165021101997106,0.7617472945224364
parametric,6,3,1,Continuous,X1,R_squared,svm,0.8812086570356366,0.5156729884016745,0.5851882914273508
parametric,6,3,2,Categorical,C1,Accuracy,svm,0.8154169349054895,0.7259165959712597,0.8902397839645024
parametric,6,3,2,Categorical,C1,F1,svm,0.7835928395778787,0.71271279257801,0.9095448000289899
parametric,6,3,2,Categorical,C3,F1,svm,0.9779866582803937,0.9730124723762478,0.9949138509589772
parametric,6,3,2,Continuous,X1,MAE,svm,0.9682335139326983,0.6421697545681241,0.6632385115030848
parametric,6,3,2,Continuous,X1,RMSE,svm,0.9406034197324041,0.7377142790909671,0.7842989549207063
parametric,6,3,2,Continuous,X1,R_squared,svm,0.8812086570356366,0.5446204749569866,0.6180380442346947
parametric,6,3,3,Categorical,C1,Accuracy,svm,0.8154169349054895,0.7286827218604863,0.8936320680474265
parametric,6,3,3,Categorical,C1,F1,svm,0.7835928395778787,0.7165868316681486,0.9144887439938499
parametric,6,3,3,Continuous,X1,MAE,svm,0.9682335139326983,0.6423864773087333,0.6634623446357854
parametric,6,3,3,Continuous,X1,RMSE,svm,0.9406034197324041,0.722519156142872,0.7681443007600633
parametric,6,3,3,Continuous,X1,R_squared,svm,0.8812086570356366,0.5227982259291633,0.5932740466802076
parametric,6,3,4,Categorical,C1,Accuracy,svm,0.8154169349054895,0.7311464027310378,0.8966534436959921
parametric,6,3,4,Categorical,C1,F1,svm,0.7835928395778787,0.7190591438345885,0.9176438419497879
parametric,6,3,4,Continuous,X1,MAE,svm,0.9682335139326983,0.6342122985633448,0.6550199816853569
parametric,6,3,4,Continuous,X1,RMSE,svm,0.9406034197324041,0.7244173119882918,0.7701623200502334
parametric,6,3,4,Continuous,X1,R_squared,svm,0.8812086570356366,0.5248840015450322,0.5956409953015313
parametric,6,3,5,Categorical,C1,Accuracy,svm,0.8154169349054895,0.7270068812720216,0.8915768733160846
parametric,6,3,5,Categorical,C1,F1,svm,0.7835928395778787,0.7143993253875922,0.9116971076106808
parametric,6,3,5,Continuous,X1,MAE,svm,0.9682335139326983,0.6307031423870668,0.6513956946453177
parametric,6,3,5,Continuous,X1,RMSE,svm,0.9406034197324041,0.7246860131261543,0.7704479889434412
parametric,6,3,5,Continuous,X1,R_squared,svm,0.8812086570356366,0.5259247776588091,0.5968220732510806
parametric,6,4,1,Categorical,C2,Accuracy,svm,0.9805003716725827,0.8191382765531062,0.8354288281969566
parametric,6,4,1,Categorical,C2,F1,svm,0.9638162055693805,0.8185097809530586,0.8492384504673469
parametric,6,4,1,Categorical,C2,Specificity,svm,0.9906225104598757,0.907506757158995,0.9160974514274908
parametric,6,4,1,Continuous,X1,MAE,svm,0.9163799015743005,0.5071644508164403,0.5534434462662855
parametric,6,4,1,Continuous,X1,RMSE,svm,0.9135985753162652,0.6269229192991361,0.6862126717766728
parametric,6,4,1,Continuous,X1,R_squared,svm,0.8349226581705724,0.39457481800862937,0.47258846570674673
parametric,6,4,1,Continuous,X2,MAE,svm,0.9670092638098784,0.8135923772038695,0.8413491035219577
parametric,6,4,1,Continuous,X2,RMSE,svm,0.9666159461502651,0.8311282252900382,0.8598329342694655
parametric,6,4,1,Continuous,X2,R_squared,svm,0.9347661747982527,0.6928112159423271,0.741159912094438
parametric,6,4,2,Categorical,C2,Accuracy,svm,0.9805003716725827,0.8215360144248998,0.8378742509026139
parametric,6,4,2,Categorical,C2,F1,svm,0.9638162055693805,0.821058837435011,0.8518832041737306
parametric,6,4,2,Categorical,C2,Specificity,svm,0.9906225104598757,0.9083732133738763,0.9169721097415635
parametric,6,4,2,Continuous,X1,MAE,svm,0.9163799015743005,0.49338517506078255,0.5384068050959744
parametric,6,4,2,Continuous,X1,RMSE,svm,0.9135985753162652,0.6051915072533263,0.6624260628294258
parametric,6,4,2,Continuous,X1,R_squared,svm,0.8349226581705724,0.36626467680139213,0.4386809642990492
parametric,6,4,2,Continuous,X2,MAE,svm,0.9670092638098784,0.8248123583874488,0.8529518684627756
parametric,6,4,2,Continuous,X2,RMSE,svm,0.9666159461502651,0.8363528939350571,0.8652380475058312
parametric,6,4,2,Continuous,X2,R_squared,svm,0.9347661747982527,0.7000892537554377,0.7489458568679334
parametric,6,4,3,Categorical,C2,Accuracy,svm,0.9805003716725827,0.8246312161257542,0.8410310081974373
parametric,6,4,3,Categorical,C2,F1,svm,0.9638162055693805,0.823765399519565,0.8546913765917853
parametric,6,4,3,Categorical,C2,Specificity,svm,0.9906225104598757,0.9085093638105917,0.917109549013615
parametric,6,4,3,Continuous,X1,MAE,svm,0.9163799015743005,0.47841568457736444,0.5220713415423748
parametric,6,4,3,Continuous,X1,RMSE,svm,0.9135985753162652,0.5959334173838008,0.6522924110050231
parametric,6,4,3,Continuous,X1,R_squared,svm,0.8349226581705724,0.35571078868521827,0.4260404065025955
parametric,6,4,3,Continuous,X2,MAE,svm,0.9670092638098784,0.8463854810817942,0.875260985346879
parametric,6,4,3,Continuous,X2,RMSE,svm,0.9666159461502651,0.8521478257060237,0.8815784894713015
parametric,6,4,3,Continuous,X2,R_squared,svm,0.9347661747982527,0.7260560765122264,0.7767248067881023
parametric,6,4,4,Categorical,C2,Accuracy,svm,0.9805003716725827,0.8130621431035033,0.8292318560946025
parametric,6,4,4,Categorical,C2,F1,svm,0.9638162055693805,0.8121272898938814,0.8426163465617514
parametric,6,4,4,Categorical,C2,Specificity,svm,0.9906225104598757,0.902891201229966,0.9114382034492814
parametric,6,4,4,Continuous,X1,MAE,svm,0.9163799015743005,0.49861477497201684,0.5441136084667707
parametric,6,4,4,Continuous,X1,RMSE,svm,0.9135985753162652,0.6181072768333463,0.6765633107728664
parametric,6,4,4,Continuous,X1,R_squared,svm,0.8349226581705724,0.3828213754889454,0.45851118273368985
parametric,6,4,4,Continuous,X2,MAE,svm,0.9670092638098784,0.8335270970154361,0.8619639213501
parametric,6,4,4,Continuous,X2,RMSE,svm,0.9666159461502651,0.8480898430125485,0.8773803560661608
parametric,6,4,4,Continuous,X2,R_squared,svm,0.9347661747982527,0.7198384320059984,0.7700732561930352
parametric,6,4,5,Categorical,C2,Accuracy,svm,0.9805003716725827,0.81681514887225,0.8330594994868682
parametric,6,4,5,Categorical,C2,F1,svm,0.9638162055693805,0.8162431045726223,0.8468866780367337
parametric,6,4,5,Categorical,C2,Specificity,svm,0.9906225104598757,0.9055944996042726,0.9141670919469308
parametric,6,4,5,Continuous,X1,MAE,svm,0.9163799015743005,0.5000345184679802,0.5456629042266672
parametric,6,4,5,Continuous,X1,RMSE,svm,0.9135985753162652,0.6098783006207398,0.6675560985957263
parametric,6,4,5,Continuous,X1,R_squared,svm,0.8349226581705724,0.3722689813502497,0.4458724142975602
parametric,6,4,5,Continuous,X2,MAE,svm,0.9670092638098784,0.8185219246964626,0.8464468287217881
parametric,6,4,5,Continuous,X2,RMSE,svm,0.9666159461502651,0.8352492904643969,0.864096328837672
parametric,6,4,5,Continuous,X2,R_squared,svm,0.9347661747982527,0.6975967589788058,0.7462794202297335
parametric,6,5,1,Continuous,X1,MAE,svm,0.8926561025753635,0.8611799162949504,0.9647387317583977
parametric,6,5,1,Continuous,X2,MAE,svm,0.9579731749728951,0.8094909476577505,0.8450037733892227
parametric,6,5,1,Continuous,X2,RMSE,svm,0.954888908353523,0.8212179511460892,0.860014127258094
parametric,6,5,1,Continuous,X2,R_squared,svm,0.9115971521450643,0.6738595759562939,0.7392076361478818
parametric,6,5,2,Continuous,X1,MAE,svm,0.8926561025753635,0.8592180205460449,0.9625409136476546
parametric,6,5,2,Continuous,X2,MAE,svm,0.9579731749728951,0.8242000198595711,0.8603581409081638
parametric,6,5,2,Continuous,X2,RMSE,svm,0.954888908353523,0.8248012115262091,0.8637666688875684
parametric,6,5,2,Continuous,X2,R_squared,svm,0.9115971521450643,0.6815472240176423,0.7476407999014748
parametric,6,5,3,Continuous,X1,MAE,svm,0.8926561025753635,0.8509721276603315,0.9533034336574058
parametric,6,5,3,Continuous,X2,MAE,svm,0.9579731749728951,0.821958057523882,0.8580178224167273
parametric,6,5,3,Continuous,X2,RMSE,svm,0.954888908353523,0.8284036624746116,0.8675393076907711
parametric,6,5,3,Continuous,X2,R_squared,svm,0.9115971521450643,0.6871522497744798,0.7537893774213237
parametric,6,5,4,Continuous,X1,MAE,svm,0.8926561025753635,0.8845841532142957,0.9909573806331691
parametric,6,5,4,Continuous,X2,MAE,svm,0.9579731749728951,0.801965397114669,0.8371480726872751
parametric,6,5,4,Continuous,X2,RMSE,svm,0.954888908353523,0.8201229321213465,0.8588673770810176
parametric,6,5,4,Continuous,X2,R_squared,svm,0.9115971521450643,0.6729291098229451,0.7381869373324462
parametric,6,5,5,Continuous,X1,MAE,svm,0.8926561025753635,0.8812436465068776,0.9872151705056849
parametric,6,5,5,Continuous,X2,MAE,svm,0.9579731749728951,0.8131630463507068,0.8488369691288218
parametric,6,5,5,Continuous,X2,RMSE,svm,0.954888908353523,0.8258411084624955,0.8648556928852179
parametric,6,5,5,Continuous,X2,R_squared,svm,0.9115971521450643,0.6834098181404294,0.7496840205482312
parametric,12,1,1,Categorical,C4,Specificity,svm,0.9847267247161643,0.9651932644621345,0.9801635725285509
parametric,12,1,1,Categorical,C6,Accuracy,svm,0.982362121905638,0.8574127973241675,0.8728072654724439
parametric,12,1,1,Categorical,C6,F1,svm,0.9748238289944835,0.8735241130407433,0.8960840790502327
parametric,12,1,1,Categorical,C6,Specificity,svm,0.9940768726459743,0.8196682253935179,0.8245521528046157
parametric,12,1,2,Categorical,C4,Specificity,svm,0.9847267247161643,0.975195054502751,0.9903204919962331
parametric,12,1,2,Categorical,C6,Accuracy,svm,0.982362121905638,0.8613523999914005,0.8768176019658652
parametric,12,1,2,Categorical,C6,F1,svm,0.9748238289944835,0.8753984720724086,0.8980068459912078
parametric,12,1,2,Categorical,C6,Specificity,svm,0.9940768726459743,0.8209875591743623,0.8258793477300269
parametric,12,1,3,Categorical,C4,Specificity,svm,0.9847267247161643,0.9743873165448552,0.9895002258882643
parametric,12,1,3,Categorical,C6,Accuracy,svm,0.982362121905638,0.8577907872346819,0.8731920420248839
parametric,12,1,3,Categorical,C6,F1,svm,0.9748238289944835,0.8748457374439518,0.8974398362279904
parametric,12,1,3,Categorical,C6,Specificity,svm,0.9940768726459743,0.8156275798666502,0.82048743141530045
parametric,12,1,4,Categorical,C4,Specificity,svm,0.9847267247161643,0.9739751544820435,0.989081671123306
parametric,12,1,4,Categorical,C6,Accuracy,svm,0.982362121905638,0.8560096395220403,0.8713789145916045
parametric,12,1,4,Categorical,C6,F1,svm,0.9748238289944835,0.8720220685692976,0.8945432422069285
parametric,12,1,4,Categorical,C6,Specificity,svm,0.9940768726459743,0.8263337116912599,0.8312573548681143
parametric,12,1,5,Categorical,C4,Specificity,svm,0.9847267247161643,0.9701927959414848,0.985240647572687
parametric,12,1,5,Categorical,C6,Accuracy,svm,0.982362121905638,0.8525692492974709,0.867876753679806
parametric,12,1,5,Categorical,C6,F1,svm,0.9748238289944835,0.8677358030115181,0.8901462779244685
parametric,12,1,5,Categorical,C6,Specificity,svm,0.9940768726459743,0.8175150033340742,0.822386100944147
parametric,12,4,1,Categorical,C6,F1,svm,0.9937956153764999,0.9886466451983609,0.9948188841865756
parametric,12,4,2,Categorical,C4,Specificity,svm,0.9579432821182096,0.8623316934501241,0.90019076238348
parametric,12,4,2,Categorical,C6,F1,svm,0.9937956153764999,0.9898022761189696,0.9959817298489314
parametric,12,4,4,Categorical,C4,Specificity,svm,0.9579432821182096,0.9044720686182154,0.9441812323358453
parametric,12,4,5,Categorical,C4,Specificity,svm,0.9579432821182096,0.8884299213282951,0.927434784409985
parametric,12,4,5,Categorical,C6,F1,svm,0.9937956153764999,0.9904486657539021,0.996632154971493
parametric,12,5,1,Categorical,C2,Accuracy,svm,0.9391449620425809,0.9208943252456386,0.9805667521686446
parametric,12,5,1,Categorical,C2,Specificity,svm,0.9691625346756892,0.9503067484662577,0.9805442477037752
parametric,12,5,1,Continuous,X2,MAE,svm,0.9284172470455585,0.524196260927999,0.5646127994671732
parametric,12,5,1,Continuous,X2,RMSE,svm,0.9200440461085758,0.5620517713951632,0.610896591062592
parametric,12,5,1,Continuous,X2,R_squared,svm,0.8479749095768284,0.31750808655731866,0.3744309919685798
parametric,12,5,1,Continuous,X4,MAE,svm,0.9375532734945455,0.8837070500572837,0.942567291950717
parametric,12,5,2,Categorical,C2,Accuracy,svm,0.9391449620425809,0.924158391800913,0.9840423248301592
parametric,12,5,2,Categorical,C2,Specificity,svm,0.9691625346756892,0.9623625792256405,0.9929836789942317
parametric,12,5,2,Continuous,X2,MAE,svm,0.9284172470455585,0.5013307456156856,0.5399843090065782
parametric,12,5,2,Continuous,X2,RMSE,svm,0.9200440461085758,0.5252402656259865,0.57088600034699
parametric,12,5,2,Continuous,X2,R_squared,svm,0.8479749095768284,0.2754876847101262,0.32487716511282744
parametric,12,5,2,Continuous,X4,MAE,svm,0.9375532734945455,0.8732273821219539,0.9313896146585575
parametric,12,5,2,Continuous,X4,RMSE,svm,0.9091083921819274,0.897297204761642,0.9870079436931193
parametric,12,5,2,Continuous,X4,R_squared,svm,0.8267421672610876,0.8064989487505917,0.9755144719694658
parametric,12,5,3,Categorical,C2,Accuracy,svm,0.9391449620425809,0.9177037334403854,0.9771694152992503
parametric,12,5,3,Categorical,C2,Specificity,svm,0.9691625346756892,0.9492694805194806,0.9794739752678683
parametric,12,5,3,Continuous,X2,MAE,svm,0.9284172470455585,0.49879986714441604,0.5372582949441259
parametric,12,5,3,Continuous,X2,RMSE,svm,0.9200440461085758,0.5738466844906691,0.6237165350048345
parametric,12,5,3,Continuous,X2,R_squared,svm,0.8479749095768284,0.32926804761782136,0.38829928090931204
parametric,12,5,3,Continuous,X4,MAE,svm,0.9375532734945455,0.8977120271884126,0.9575050853829004
parametric,12,5,4,Categorical,C2,Accuracy,svm,0.9391449620425809,0.9112822262628332,0.9703318050930625
parametric,12,5,4,Categorical,C2,Specificity,svm,0.9691625346756892,0.9539902254911655,0.9843449280779298
parametric,12,5,4,Continuous,X2,MAE,svm,0.9284172470455585,0.5066452634926092,0.5457085864193856
parametric,12,5,4,Continuous,X2,RMSE,svm,0.9200440461085758,0.5110525283102919,0.5554652850283016
parametric,12,5,4,Continuous,X2,R_squared,svm,0.8479749095768284,0.2616631970913522,0.30857422093058395
parametric,12,5,4,Continuous,X4,MAE,svm,0.9375532734945455,0.8635087227267569,0.9210236336845137
parametric,12,5,4,Continuous,X4,RMSE,svm,0.9091083921819274,0.8795283316817534,0.9674625591903516
parametric,12,5,4,Continuous,X4,R_squared,svm,0.8267421672610876,0.7755014014246779,0.9380208632563583
parametric,12,5,5,Categorical,C2,Accuracy,svm,0.9391449620425809,0.9166735987211172,0.9760725295564703
parametric,12,5,5,Categorical,C2,Specificity,svm,0.9691625346756892,0.9463041705158814,0.976414313036299
parametric,12,5,5,Continuous,X2,MAE,svm,0.9284172470455585,0.4907682264809918,0.5286073993592121
parametric,12,5,5,Continuous,X2,RMSE,svm,0.9200440461085758,0.5220562952120474,0.5674253286243632
parametric,12,5,5,Continuous,X2,R_squared,svm,0.8479749095768284,0.2742200402877397,0.323382257176201
parametric,12,5,5,Continuous,X4,MAE,svm,0.9375532734945455,0.8789796378533873,0.937525005461464
parametric,18,2,1,Categorical,C6,Accuracy,svm,0.9524772426238628,0.8342998668999667,0.8759262999309635
parametric,18,2,1,Categorical,C6,F1,svm,0.9525268171373525,0.8223316565565347,0.8633160156350287
parametric,18,2,1,Categorical,C6,Specificity,svm,0.9783181549141081,0.8672290293921671,0.8864488766114187
parametric,18,2,2,Categorical,C6,Accuracy,svm,0.9524772426238628,0.8339011336252834,0.8755076723177883
parametric,18,2,2,Categorical,C6,F1,svm,0.9525268171373525,0.828203210302292,0.869480202973505
parametric,18,2,2,Categorical,C6,Specificity,svm,0.9783181549141081,0.8526471248616048,0.8715438025745963
parametric,18,2,2,Categorical,C9,Accuracy,svm,0.9890751086281813,0.9862829054674546,0.9971769553835003
parametric,18,2,2,Categorical,C9,F1,svm,0.9878332782346225,0.980890830213872,0.9929720448037977
parametric,18,2,3,Categorical,C6,Accuracy,svm,0.9524772426238628,0.8306009324752331,0.8720428114241475
parametric,18,2,3,Categorical,C6,F1,svm,0.9525268171373525,0.8205281197386999,0.861422591969273
parametric,18,2,3,Categorical,C6,Specificity,svm,0.9783181549141081,0.8651419588414634,0.8843155516391484
parametric,18,2,3,Categorical,C9,Accuracy,svm,0.9890751086281813,0.9856200994383703,0.9965068282887
parametric,18,2,3,Categorical,C9,F1,svm,0.9878332782346225,0.9800776121626317,0.9921488106921735
parametric,18,2,4,Categorical,C6,Accuracy,svm,0.9524772426238628,0.8311,0.8725667793495039
parametric,18,2,4,Categorical,C6,F1,svm,0.9525268171373525,0.8190196222712569,0.8598389121816775
parametric,18,2,4,Categorical,C6,Specificity,svm,0.9783181549141081,0.8664092664092664,0.8856109457411973
parametric,18,2,4,Categorical,C9,Accuracy,svm,0.9890751086281813,0.9879680795160186,0.9988807431280946
parametric,18,2,4,Categorical,C9,F1,svm,0.9878332782346225,0.9840478147283408,0.9961679125519574
parametric,18,2,5,Categorical,C6,Accuracy,svm,0.9524772426238628,0.8390989834497459,0.8809648628855582
parametric,18,2,5,Categorical,C6,F1,svm,0.9525268171373525,0.8273276734122003,0.868561030017595
parametric,18,2,5,Categorical,C6,Specificity,svm,0.9783181549141081,0.8674690550467948,0.8866942218024715
parametric,18,2,5,Categorical,C9,Accuracy,svm,0.9890751086281813,0.9838520969684136,0.9947192972361706
parametric,18,2,5,Categorical,C9,F1,svm,0.9878332782346225,0.9818905705756239,0.9939840985417914
parametric,18,3,2,Continuous,X3,RMSE,svm,0.9277475506322745,0.9125275194170385,0.9835946414465192
parametric,18,3,2,Continuous,X3,R_squared,svm,0.8611061519670018,0.8297536777380883,0.9635904654062732
parametric,18,3,5,Continuous,X3,RMSE,svm,0.9277475506322745,0.9213457121424569,0.9930995899849536
parametric,18,3,5,Continuous,X3,R_squared,svm,0.8611061519670018,0.8442112656683058,0.9803800190486348
parametric,18,4,2,Categorical,C9,F1,svm,0.979057548026967,0.9731503360992997,0.9939664303292777
parametric,18,4,3,Categorical,C9,F1,svm,0.979057548026967,0.9748453489972775,0.995697700264731
parametric,18,5,2,Categorical,C9,Specificity,svm,0.9893772654822541,0.9876195089619337,0.9982233708195593
parametric,18,5,4,Categorical,C9,Specificity,svm,0.9893772654822541,0.9888398842510217,0.999456849020105
parametric,18,5,5,Categorical,C9,Specificity,svm,0.9893772654822541,0.9869534302994311,0.9975501406112848
